-- MySQL dump 10.17  Distrib 10.3.12-MariaDB, for Linux (x86_64)
--
-- Host: 209.97.188.20    Database: murakami_dev
-- ------------------------------------------------------
-- Server version	5.7.25-0ubuntu0.16.04.2

/*!40101 SET @OLD_CHARACTER_SET_CLIENT=@@CHARACTER_SET_CLIENT */;
/*!40101 SET @OLD_CHARACTER_SET_RESULTS=@@CHARACTER_SET_RESULTS */;
/*!40101 SET @OLD_COLLATION_CONNECTION=@@COLLATION_CONNECTION */;
/*!40101 SET NAMES utf8mb4 */;
/*!40103 SET @OLD_TIME_ZONE=@@TIME_ZONE */;
/*!40103 SET TIME_ZONE='+00:00' */;
/*!40014 SET @OLD_UNIQUE_CHECKS=@@UNIQUE_CHECKS, UNIQUE_CHECKS=0 */;
/*!40014 SET @OLD_FOREIGN_KEY_CHECKS=@@FOREIGN_KEY_CHECKS, FOREIGN_KEY_CHECKS=0 */;
/*!40101 SET @OLD_SQL_MODE=@@SQL_MODE, SQL_MODE='NO_AUTO_VALUE_ON_ZERO' */;
/*!40111 SET @OLD_SQL_NOTES=@@SQL_NOTES, SQL_NOTES=0 */;

--
-- Table structure for table `access_tokens`
--

DROP TABLE IF EXISTS `access_tokens`;
/*!40101 SET @saved_cs_client     = @@character_set_client */;
/*!40101 SET character_set_client = utf8 */;
CREATE TABLE `access_tokens` (
  `token` varchar(25) NOT NULL,
  `timestamp` timestamp NOT NULL DEFAULT CURRENT_TIMESTAMP,
  `details` text NOT NULL,
  `used` tinyint(4) NOT NULL DEFAULT '0',
  PRIMARY KEY (`token`)
) ENGINE=InnoDB DEFAULT CHARSET=latin1;
/*!40101 SET character_set_client = @saved_cs_client */;

--
-- Dumping data for table `access_tokens`
--

LOCK TABLES `access_tokens` WRITE;
/*!40000 ALTER TABLE `access_tokens` DISABLE KEYS */;
INSERT INTO `access_tokens` VALUES ('6O9b0edXXSwzlym3DNxClVtrB','2019-04-01 18:00:28','{\"action\":\"add-volunteer\",\"user_id\":\"01746919992\",\"roles\":[\"JrzCZtQk6U\"],\"assignedCoordinators\":[\"01746918155\"],\"email\":\"god@only.knows\",\"first_name\":\"Someone\",\"last_name\":\"McSomething\"}',0);
INSERT INTO `access_tokens` VALUES ('7xjr1deQkkud4dI5A3jA8Qbhc','2019-04-01 17:01:31','{\"action\":\"add-volunteer\",\"user_id\":\"01746918155\",\"roles\":[\"NVia2ACAGh\",\"YNmgnpKCJQ\"],\"assignedCoordinators\":[\"01746918155\",\"01746919992\"],\"email\":\"rosshudson8@googlemail.com\",\"first_name\":\"Ross\",\"last_name\":\"Hudson\"}',0);
INSERT INTO `access_tokens` VALUES ('cfcVzcxBaDCATotuqkK19icSo','2019-04-01 17:04:33','{\"action\":\"add-volunteer\",\"user_id\":\"01746918155\",\"roles\":[\"cP70Q_BYoN\"],\"assignedCoordinators\":[\"01746918155\",\"01746919992\"],\"email\":\"potato@potato.net\",\"first_name\":\"John\",\"last_name\":\"Poo\"}',0);
INSERT INTO `access_tokens` VALUES ('Jpma5FdzKrWz9c-VkhXbtnXx9','2019-04-23 13:05:32','{\"action\":\"add-volunteer\",\"user_id\":\"01746918155\",\"roles\":[\"H_iXdW4LeB\"],\"assignedCoordinators\":[\"01746919992\"],\"email\":\"hello@potato.net\",\"first_name\":\"Potato\",\"last_name\":\"Jackson\"}',0);
INSERT INTO `access_tokens` VALUES ('NkqwNTQKLVNCSZ4nCPU1muVDV','2019-04-01 18:01:01','{\"action\":\"add-volunteer\",\"user_id\":\"01746919992\",\"roles\":[\"FwEkCOOx9M\"],\"assignedCoordinators\":[\"01746919992\"],\"email\":\"god@only.knows\",\"first_name\":\"Someone\",\"last_name\":\"McSomething\"}',0);
INSERT INTO `access_tokens` VALUES ('Ob5a-piVSgcStJ0XdsVCWmlLu','2019-04-02 00:08:44','{\"action\":\"add-volunteer\",\"user_id\":\"01746918155\",\"roles\":[\"NVia2ACAGh\",\"YNmgnpKCJQ\"],\"assignedCoordinators\":[\"01746918155\",\"01746919992\"],\"email\":\"sdfsdf@sdfsdfsf.com\",\"first_name\":\"adfadsf\",\"last_name\":\"sdfsdf\"}',1);
INSERT INTO `access_tokens` VALUES ('QNyeQ8e8JvN1kIu3FmTi12HBm','2019-04-01 16:50:27','{\"action\":\"add-volunteer\",\"user_id\":\"01746918155\",\"roles\":[\"pCO1IEd0Eo\"],\"assignedCoordinators\":[\"01746919992\"],\"email\":\"johnsmit@gasdasdasdasd.com\",\"first_name\":\"John\",\"last_name\":\"Smith\"}',1);
INSERT INTO `access_tokens` VALUES ('R2kxRSsHSnUfvmPICcw89Odjl','2019-04-01 18:18:36','{\"action\":\"add-volunteer\",\"user_id\":\"01746919992\",\"roles\":[\"JrzCZtQk6U\",\"FwEkCOOx9M\",\"zBTaVcpZ-M\"],\"assignedCoordinators\":[\"01746919992\"],\"email\":\"ewecownconwcwnec@scsidcksc.com\",\"first_name\":\"Ross\",\"last_name\":\"Hudson\"}',1);
INSERT INTO `access_tokens` VALUES ('RABIFJL53RtOOa22DxPsyi8Kh','2019-04-01 13:08:55','{\"action\":\"add-volunteer\",\"user_id\":\"01746918155\",\"roles\":[\"NVia2ACAGh\",\"YNmgnpKCJQ\"],\"assignedCoordinators\":[\"01746918155\"], \"email\":\"rosshudson8@googlemaile.com\", \"first_name\": \"Ross\", \"last_name\": \"Hudson\"}',1);
INSERT INTO `access_tokens` VALUES ('vR-NzF7pyevnJFNclIW879u8t','2019-04-08 11:12:03','{\"action\":\"add-volunteer\",\"user_id\":\"01746919992\",\"roles\":[\"JrzCZtQk6U\",\"FwEkCOOx9M\"],\"assignedCoordinators\":[\"01746918155\"],\"email\":\"rosshudson8@goosasdasdasdasdglemail.com\",\"first_name\":\"Ross\",\"last_name\":\"Hudson\"}',0);
INSERT INTO `access_tokens` VALUES ('W1zJ5BZY_AEvBSLc7BWtBdmAE','2019-04-01 13:09:34','{\"action\": \"add-volunteer\", \"user_id\":\"01746918155\",\"roles\":[\"Kq3_RZJSfm\",\"NVia2ACAGh\",\"YNmgnpKCJQ\"],\"assignedCoordinators\":[\"01746918155\"],\"email\":\"potato@potatoaa.net\", \"first_name\": \"John\", \"last_name\": \"Poo\"}',1);
INSERT INTO `access_tokens` VALUES ('wkyLFR3zGG7hMOacdvtMQmfPn','2019-04-02 16:45:59','{\"action\":\"add-volunteer\",\"user_id\":\"01746919992\",\"roles\":[\"Kq3_RZJSfm\"],\"assignedCoordinators\":[\"01746918155\",\"01746919992\"],\"email\":\"hello@rosshudson.co.uksdfdsfsdf\",\"first_name\":\"Ross\",\"last_name\":\"Hudson\"}',0);
INSERT INTO `access_tokens` VALUES ('XiPzlp9V1UjEEqquWZl_qsm5u','2019-04-27 11:38:45','{\"action\":\"add-volunteer\",\"user_id\":\"01746919992\",\"roles\":[\"JrzCZtQk6U\",\"FwEkCOOx9M\",\"zBTaVcpZ-M\"],\"assignedCoordinators\":[\"01746918155\",\"01746919992\"],\"email\":\"jackson@potato.com\",\"first_name\":\"Potato\",\"last_name\":\"Jackson\"}',1);
/*!40000 ALTER TABLE `access_tokens` ENABLE KEYS */;
UNLOCK TABLES;

--
-- Table structure for table `activity`
--

DROP TABLE IF EXISTS `activity`;
/*!40101 SET @saved_cs_client     = @@character_set_client */;
/*!40101 SET character_set_client = utf8 */;
CREATE TABLE `activity` (
  `action_id` varchar(25) NOT NULL,
  `user_id` int(11) NOT NULL,
  `member_id` int(11) DEFAULT NULL,
  `description` text NOT NULL
) ENGINE=InnoDB DEFAULT CHARSET=latin1;
/*!40101 SET character_set_client = @saved_cs_client */;

--
-- Dumping data for table `activity`
--

LOCK TABLES `activity` WRITE;
/*!40000 ALTER TABLE `activity` DISABLE KEYS */;
/*!40000 ALTER TABLE `activity` ENABLE KEYS */;
UNLOCK TABLES;

--
-- Table structure for table `attempts`
--

DROP TABLE IF EXISTS `attempts`;
/*!40101 SET @saved_cs_client     = @@character_set_client */;
/*!40101 SET character_set_client = utf8 */;
CREATE TABLE `attempts` (
  `id` int(11) NOT NULL AUTO_INCREMENT,
  `user_id` varchar(11) NOT NULL,
  `ip_address` varchar(45) NOT NULL,
  `outcome` tinyint(4) NOT NULL DEFAULT '1',
  `login_timestamp` timestamp NOT NULL DEFAULT CURRENT_TIMESTAMP ON UPDATE CURRENT_TIMESTAMP,
  PRIMARY KEY (`id`)
) ENGINE=InnoDB AUTO_INCREMENT=431 DEFAULT CHARSET=utf8;
/*!40101 SET character_set_client = @saved_cs_client */;

--
-- Dumping data for table `attempts`
--

LOCK TABLES `attempts` WRITE;
/*!40000 ALTER TABLE `attempts` DISABLE KEYS */;
INSERT INTO `attempts` VALUES (67,'01746919992','::ffff:127.0.0.1',1,'2018-07-20 16:52:25');
INSERT INTO `attempts` VALUES (68,'01746919992','::ffff:127.0.0.1',1,'2018-07-20 17:18:47');
INSERT INTO `attempts` VALUES (69,'01746919992','::ffff:127.0.0.1',1,'2018-07-20 17:21:31');
INSERT INTO `attempts` VALUES (70,'01746919992','::ffff:127.0.0.1',1,'2018-07-20 16:51:46');
INSERT INTO `attempts` VALUES (71,'55823611254','::1',1,'2018-07-20 18:58:58');
INSERT INTO `attempts` VALUES (72,'01746919992','::1',1,'2018-07-20 19:00:49');
INSERT INTO `attempts` VALUES (73,'01746919992','::1',1,'2018-07-20 19:17:10');
INSERT INTO `attempts` VALUES (74,'01746919992','::1',1,'2018-07-22 20:45:43');
INSERT INTO `attempts` VALUES (75,'01746919992','::ffff:51.9.212.84',1,'2018-07-23 23:13:48');
INSERT INTO `attempts` VALUES (76,'72372535538','::ffff:51.9.212.84',1,'2018-07-23 23:14:09');
INSERT INTO `attempts` VALUES (77,'01746919992','::1',1,'2018-07-30 14:16:16');
INSERT INTO `attempts` VALUES (78,'01746919992','::1',1,'2018-08-31 11:34:16');
INSERT INTO `attempts` VALUES (79,'01746919992','::1',1,'2018-09-01 17:05:08');
INSERT INTO `attempts` VALUES (80,'01746919992','::1',1,'2018-09-03 16:00:00');
INSERT INTO `attempts` VALUES (81,'01746919992','::1',1,'2018-09-04 13:50:00');
INSERT INTO `attempts` VALUES (82,'01746919992','::1',1,'2018-09-04 14:00:58');
INSERT INTO `attempts` VALUES (83,'01746919992','::ffff:127.0.0.1',1,'2018-09-04 15:03:06');
INSERT INTO `attempts` VALUES (84,'55823611254','::ffff:127.0.0.1',1,'2018-09-04 15:09:20');
INSERT INTO `attempts` VALUES (85,'01746919992','::ffff:127.0.0.1',1,'2018-09-04 15:09:39');
INSERT INTO `attempts` VALUES (86,'01746919992','::ffff:127.0.0.1',1,'2018-09-04 15:53:20');
INSERT INTO `attempts` VALUES (87,'01746919992','::ffff:127.0.0.1',1,'2018-09-05 14:57:45');
INSERT INTO `attempts` VALUES (88,'01746919992','::ffff:127.0.0.1',1,'2018-09-05 15:30:50');
INSERT INTO `attempts` VALUES (89,'75376063495','::ffff:127.0.0.1',1,'2018-09-05 16:32:32');
INSERT INTO `attempts` VALUES (90,'01746919992','::1',1,'2018-09-06 13:30:12');
INSERT INTO `attempts` VALUES (91,'55823611254','::1',1,'2018-09-13 09:01:29');
INSERT INTO `attempts` VALUES (92,'01746919992','::1',1,'2018-09-13 09:02:21');
INSERT INTO `attempts` VALUES (93,'01746919992','::1',1,'2018-09-18 14:05:20');
INSERT INTO `attempts` VALUES (94,'01746919992','::1',1,'2018-09-18 14:06:01');
INSERT INTO `attempts` VALUES (95,'01746919992','::1',1,'2018-09-18 15:23:03');
INSERT INTO `attempts` VALUES (96,'01746919992','::ffff:127.0.0.1',1,'2018-09-18 17:35:51');
INSERT INTO `attempts` VALUES (97,'01746919992','::ffff:127.0.0.1',1,'2018-09-18 18:55:07');
INSERT INTO `attempts` VALUES (98,'55278439990','::ffff:127.0.0.1',1,'2018-09-18 19:52:11');
INSERT INTO `attempts` VALUES (99,'55278439990','::ffff:127.0.0.1',0,'2018-09-18 19:52:45');
INSERT INTO `attempts` VALUES (100,'55278439990','::ffff:127.0.0.1',1,'2018-09-18 19:52:50');
INSERT INTO `attempts` VALUES (101,'55278439990','::ffff:127.0.0.1',1,'2018-09-18 19:55:52');
INSERT INTO `attempts` VALUES (102,'01746919992','::ffff:127.0.0.1',1,'2018-09-18 19:56:11');
INSERT INTO `attempts` VALUES (103,'01746919992','::ffff:127.0.0.1',1,'2018-09-18 21:50:03');
INSERT INTO `attempts` VALUES (104,'01746919992','::1',1,'2018-09-18 22:08:55');
INSERT INTO `attempts` VALUES (105,'01746919992','::1',1,'2018-09-22 12:57:18');
INSERT INTO `attempts` VALUES (106,'42159481790','::1',0,'2018-09-22 12:59:18');
INSERT INTO `attempts` VALUES (107,'42159481790','::1',1,'2018-09-22 12:59:28');
INSERT INTO `attempts` VALUES (108,'01746919992','::1',1,'2018-09-22 13:12:06');
INSERT INTO `attempts` VALUES (109,'01746919992','::1',1,'2018-09-23 11:46:12');
INSERT INTO `attempts` VALUES (110,'01746919992','::1',1,'2018-09-23 11:48:42');
INSERT INTO `attempts` VALUES (111,'01746919992','::1',1,'2018-09-23 11:50:42');
INSERT INTO `attempts` VALUES (112,'01746919992','::1',1,'2018-09-23 11:50:56');
INSERT INTO `attempts` VALUES (113,'01746919992','::1',0,'2018-09-23 14:46:34');
INSERT INTO `attempts` VALUES (114,'01746919992','::1',1,'2018-09-23 14:46:40');
INSERT INTO `attempts` VALUES (115,'01746919992','::1',1,'2018-09-24 15:09:57');
INSERT INTO `attempts` VALUES (116,'01746919992','::1',1,'2018-09-24 15:23:47');
INSERT INTO `attempts` VALUES (117,'01746919992','::1',1,'2018-10-11 12:32:37');
INSERT INTO `attempts` VALUES (118,'01746919992','::1',1,'2018-10-11 19:06:15');
INSERT INTO `attempts` VALUES (119,'01746918152','::1',1,'2018-10-16 15:00:06');
INSERT INTO `attempts` VALUES (120,'01746918152','::1',1,'2018-10-16 15:00:30');
INSERT INTO `attempts` VALUES (121,'01746918152','::1',1,'2018-10-16 15:12:24');
INSERT INTO `attempts` VALUES (122,'01746919992','::ffff:127.0.0.1',1,'2018-10-17 16:55:00');
INSERT INTO `attempts` VALUES (123,'01746919992','::1',1,'2018-10-18 14:27:49');
INSERT INTO `attempts` VALUES (124,'01746919992','::1',1,'2018-10-18 14:36:27');
INSERT INTO `attempts` VALUES (125,'01746919992','::1',1,'2018-10-19 12:30:01');
INSERT INTO `attempts` VALUES (126,'01746918152','::1',1,'2018-10-19 12:30:19');
INSERT INTO `attempts` VALUES (127,'01746918152','::1',1,'2018-10-19 14:57:25');
INSERT INTO `attempts` VALUES (128,'01746918152','::1',1,'2018-10-19 18:27:42');
INSERT INTO `attempts` VALUES (129,'01746918152','::1',1,'2018-10-19 18:56:27');
INSERT INTO `attempts` VALUES (130,'01746918152','::1',1,'2018-10-20 10:42:56');
INSERT INTO `attempts` VALUES (131,'01746918152','::1',1,'2018-10-20 11:49:08');
INSERT INTO `attempts` VALUES (132,'01746918152','::1',1,'2018-10-20 12:19:36');
INSERT INTO `attempts` VALUES (133,'01746918152','::1',1,'2018-10-20 13:31:53');
INSERT INTO `attempts` VALUES (134,'01746918152','::1',1,'2018-10-20 13:33:00');
INSERT INTO `attempts` VALUES (135,'01746919992','::1',1,'2018-10-20 13:38:11');
INSERT INTO `attempts` VALUES (136,'01746919992','::1',0,'2018-10-24 12:03:12');
INSERT INTO `attempts` VALUES (137,'01746919992','::1',1,'2018-10-24 12:03:19');
INSERT INTO `attempts` VALUES (138,'01746919992','::1',1,'2018-10-24 14:21:07');
INSERT INTO `attempts` VALUES (139,'01746918152','::1',1,'2018-10-24 16:25:06');
INSERT INTO `attempts` VALUES (140,'01746919992','::1',1,'2018-10-24 16:26:51');
INSERT INTO `attempts` VALUES (141,'01746919992','::1',1,'2018-10-25 11:22:56');
INSERT INTO `attempts` VALUES (142,'01746919992','::1',1,'2018-10-25 12:23:45');
INSERT INTO `attempts` VALUES (143,'01746919992','::1',1,'2018-10-27 09:01:17');
INSERT INTO `attempts` VALUES (144,'01746919992','::1',1,'2018-11-01 13:12:54');
INSERT INTO `attempts` VALUES (145,'01746919992','::1',1,'2018-11-03 08:54:08');
INSERT INTO `attempts` VALUES (146,'01746919992','::1',1,'2018-11-03 09:12:40');
INSERT INTO `attempts` VALUES (147,'01746918152','::1',1,'2018-11-03 09:12:53');
INSERT INTO `attempts` VALUES (148,'01746918152','::1',1,'2018-11-05 16:43:26');
INSERT INTO `attempts` VALUES (149,'01746918152','::1',1,'2018-11-05 20:00:22');
INSERT INTO `attempts` VALUES (150,'01746919992','::1',1,'2018-11-05 20:35:44');
INSERT INTO `attempts` VALUES (151,'01746919992','::1',1,'2018-11-05 20:59:28');
INSERT INTO `attempts` VALUES (152,'81125864606','::1',1,'2018-11-05 21:25:16');
INSERT INTO `attempts` VALUES (153,'01746919992','::1',1,'2018-11-05 21:32:58');
INSERT INTO `attempts` VALUES (154,'81125864606','::1',1,'2018-11-05 21:34:33');
INSERT INTO `attempts` VALUES (155,'01746918152','::1',1,'2018-11-05 21:41:30');
INSERT INTO `attempts` VALUES (156,'81125864606','::1',1,'2018-11-05 21:41:39');
INSERT INTO `attempts` VALUES (157,'81125864606','::1',1,'2018-11-05 21:59:11');
INSERT INTO `attempts` VALUES (158,'81125864606','::1',1,'2018-11-05 21:59:28');
INSERT INTO `attempts` VALUES (159,'01746918152','::1',1,'2018-11-06 12:07:59');
INSERT INTO `attempts` VALUES (160,'81125864606','::1',1,'2018-11-06 12:45:34');
INSERT INTO `attempts` VALUES (161,'01746918152','::1',1,'2018-11-06 13:14:35');
INSERT INTO `attempts` VALUES (162,'01746919992','::1',0,'2018-11-06 13:25:40');
INSERT INTO `attempts` VALUES (163,'01746919992','::1',1,'2018-11-06 13:25:46');
INSERT INTO `attempts` VALUES (164,'01746919992','::1',1,'2018-11-06 13:52:54');
INSERT INTO `attempts` VALUES (165,'42159481790','::1',0,'2018-11-06 13:55:07');
INSERT INTO `attempts` VALUES (166,'42159481790','::1',1,'2018-11-06 13:55:55');
INSERT INTO `attempts` VALUES (167,'01746919992','::1',1,'2018-11-06 14:15:16');
INSERT INTO `attempts` VALUES (168,'01746918152','::1',1,'2018-11-06 17:59:42');
INSERT INTO `attempts` VALUES (169,'01746919992','::1',1,'2018-11-06 18:00:45');
INSERT INTO `attempts` VALUES (170,'01746918152','::1',1,'2018-11-06 21:11:57');
INSERT INTO `attempts` VALUES (171,'01746918152','::1',1,'2018-11-06 21:16:45');
INSERT INTO `attempts` VALUES (172,'01746918152','::1',1,'2018-11-07 15:48:19');
INSERT INTO `attempts` VALUES (173,'01746918152','::1',1,'2018-11-07 17:14:47');
INSERT INTO `attempts` VALUES (174,'01746919992','::1',1,'2018-11-07 19:36:36');
INSERT INTO `attempts` VALUES (175,'01746919992','::1',1,'2018-11-07 19:39:20');
INSERT INTO `attempts` VALUES (176,'01746918152','::1',1,'2018-11-07 19:50:25');
INSERT INTO `attempts` VALUES (177,'01746918152','::1',1,'2018-11-08 10:49:20');
INSERT INTO `attempts` VALUES (178,'01746918152','::1',1,'2018-11-08 10:54:02');
INSERT INTO `attempts` VALUES (179,'01746918152','::1',1,'2018-11-08 11:02:55');
INSERT INTO `attempts` VALUES (180,'81125864606','::1',1,'2018-11-08 13:10:36');
INSERT INTO `attempts` VALUES (181,'01746918152','::1',1,'2018-11-08 13:12:24');
INSERT INTO `attempts` VALUES (182,'81125864606','::1',1,'2018-11-08 13:16:32');
INSERT INTO `attempts` VALUES (183,'01746919992','::1',1,'2018-11-08 13:17:31');
INSERT INTO `attempts` VALUES (184,'01746918152','::1',1,'2018-11-08 13:18:38');
INSERT INTO `attempts` VALUES (185,'01746918152','::1',1,'2018-11-08 13:19:29');
INSERT INTO `attempts` VALUES (186,'01746918152','::1',1,'2018-11-08 13:31:23');
INSERT INTO `attempts` VALUES (187,'01746919992','::1',1,'2018-11-08 13:48:59');
INSERT INTO `attempts` VALUES (188,'01746918152','::1',1,'2018-11-08 13:52:18');
INSERT INTO `attempts` VALUES (189,'01746918152','::1',1,'2018-11-10 12:41:48');
INSERT INTO `attempts` VALUES (190,'01746918152','::1',1,'2018-11-10 20:18:22');
INSERT INTO `attempts` VALUES (191,'01746918152','::1',1,'2018-11-10 20:18:52');
INSERT INTO `attempts` VALUES (192,'01746919992','::1',1,'2018-11-12 11:36:17');
INSERT INTO `attempts` VALUES (193,'01746919992','::1',1,'2018-11-12 13:59:40');
INSERT INTO `attempts` VALUES (194,'81125864606','::1',1,'2018-11-12 20:36:22');
INSERT INTO `attempts` VALUES (195,'01746919992','::1',1,'2018-11-12 22:12:27');
INSERT INTO `attempts` VALUES (196,'81125864606','::1',1,'2018-11-13 10:22:33');
INSERT INTO `attempts` VALUES (197,'01746919992','::1',1,'2018-11-13 10:22:52');
INSERT INTO `attempts` VALUES (198,'81125864606','::1',1,'2018-11-13 12:06:17');
INSERT INTO `attempts` VALUES (199,'01746919992','::1',1,'2018-11-13 13:36:42');
INSERT INTO `attempts` VALUES (200,'01746919992','::1',1,'2018-11-13 15:10:45');
INSERT INTO `attempts` VALUES (201,'01746919992','::1',1,'2018-11-14 13:03:00');
INSERT INTO `attempts` VALUES (202,'01746918152','::1',1,'2018-11-14 14:04:15');
INSERT INTO `attempts` VALUES (203,'01746919992','::1',1,'2018-11-14 14:05:05');
INSERT INTO `attempts` VALUES (204,'01746918152','::1',1,'2018-11-14 14:51:44');
INSERT INTO `attempts` VALUES (205,'81125864606','::ffff:127.0.0.1',1,'2018-11-14 15:04:40');
INSERT INTO `attempts` VALUES (206,'01746919992','::1',1,'2018-11-14 15:10:42');
INSERT INTO `attempts` VALUES (207,'01746918152','::1',1,'2018-11-14 15:53:23');
INSERT INTO `attempts` VALUES (208,'01746919992','::1',1,'2018-11-14 19:04:16');
INSERT INTO `attempts` VALUES (209,'01746919992','::1',1,'2018-11-15 20:10:38');
INSERT INTO `attempts` VALUES (210,'01746919992','::1',1,'2018-11-15 20:46:22');
INSERT INTO `attempts` VALUES (211,'01746918152','::1',1,'2018-11-17 02:23:19');
INSERT INTO `attempts` VALUES (212,'01746919992','::1',1,'2018-11-17 02:54:28');
INSERT INTO `attempts` VALUES (213,'01746918152','::1',1,'2018-11-17 03:05:09');
INSERT INTO `attempts` VALUES (214,'01746919992','::1',1,'2018-11-17 03:06:02');
INSERT INTO `attempts` VALUES (215,'01746918152','::1',1,'2018-11-17 03:25:57');
INSERT INTO `attempts` VALUES (216,'01746919992','::1',1,'2018-11-17 12:28:25');
INSERT INTO `attempts` VALUES (217,'01746918152','::1',1,'2018-11-17 12:57:09');
INSERT INTO `attempts` VALUES (218,'01746919992','::1',1,'2018-11-19 15:26:27');
INSERT INTO `attempts` VALUES (219,'01746918152','::1',1,'2018-11-20 22:58:29');
INSERT INTO `attempts` VALUES (220,'01746918152','::1',1,'2018-11-21 13:51:24');
INSERT INTO `attempts` VALUES (221,'01746918152','::1',1,'2018-11-21 15:43:10');
INSERT INTO `attempts` VALUES (222,'01746919992','::1',1,'2018-11-21 18:56:52');
INSERT INTO `attempts` VALUES (223,'01746919992','::ffff:127.0.0.1',1,'2018-11-21 19:29:39');
INSERT INTO `attempts` VALUES (224,'81125864606','::ffff:127.0.0.1',1,'2018-11-21 20:26:06');
INSERT INTO `attempts` VALUES (225,'01746919992','::ffff:127.0.0.1',1,'2018-11-22 17:50:04');
INSERT INTO `attempts` VALUES (226,'01746918152','::1',1,'2018-11-22 23:04:23');
INSERT INTO `attempts` VALUES (227,'01746918152','::1',1,'2018-11-26 14:57:56');
INSERT INTO `attempts` VALUES (228,'01746919992','::1',1,'2018-11-26 20:01:00');
INSERT INTO `attempts` VALUES (229,'01746918152','::1',1,'2018-11-27 18:17:24');
INSERT INTO `attempts` VALUES (230,'01746919992','::1',0,'2018-11-27 18:44:34');
INSERT INTO `attempts` VALUES (231,'01746919992','::1',1,'2018-11-27 18:44:39');
INSERT INTO `attempts` VALUES (232,'01746918152','::1',1,'2018-11-28 12:05:26');
INSERT INTO `attempts` VALUES (233,'01746919992','::1',1,'2018-11-29 12:06:31');
INSERT INTO `attempts` VALUES (234,'01746919992','::1',1,'2018-12-07 13:06:48');
INSERT INTO `attempts` VALUES (235,'01746919992','::1',1,'2018-12-07 16:04:45');
INSERT INTO `attempts` VALUES (236,'01746919992','::1',1,'2018-12-07 16:13:13');
INSERT INTO `attempts` VALUES (237,'01746919992','::ffff:127.0.0.1',1,'2018-12-07 19:21:58');
INSERT INTO `attempts` VALUES (238,'01746919992','::ffff:127.0.0.1',1,'2018-12-07 19:28:18');
INSERT INTO `attempts` VALUES (239,'01746919992','::ffff:127.0.0.1',1,'2018-12-07 19:46:22');
INSERT INTO `attempts` VALUES (240,'01746919992','::ffff:127.0.0.1',1,'2018-12-07 21:22:05');
INSERT INTO `attempts` VALUES (241,'01746918152','::ffff:127.0.0.1',1,'2018-12-08 08:34:49');
INSERT INTO `attempts` VALUES (242,'01746919992','::1',1,'2018-12-10 12:59:41');
INSERT INTO `attempts` VALUES (243,'01746919992','::ffff:127.0.0.1',1,'2018-12-11 12:14:02');
INSERT INTO `attempts` VALUES (244,'01746918152','::ffff:127.0.0.1',1,'2018-12-11 13:01:17');
INSERT INTO `attempts` VALUES (245,'01746919992','::ffff:127.0.0.1',1,'2018-12-11 13:02:32');
INSERT INTO `attempts` VALUES (246,'01746918152','::ffff:127.0.0.1',1,'2018-12-11 13:11:27');
INSERT INTO `attempts` VALUES (247,'01746919992','::ffff:127.0.0.1',1,'2018-12-11 13:19:09');
INSERT INTO `attempts` VALUES (248,'01746918155','::ffff:127.0.0.1',1,'2018-12-11 14:33:05');
INSERT INTO `attempts` VALUES (249,'01746919992','::ffff:127.0.0.1',1,'2018-12-11 14:37:39');
INSERT INTO `attempts` VALUES (250,'01746918155','::ffff:127.0.0.1',1,'2018-12-11 14:47:36');
INSERT INTO `attempts` VALUES (251,'01746919992','::ffff:127.0.0.1',1,'2018-12-12 14:36:59');
INSERT INTO `attempts` VALUES (252,'01746919992','::ffff:127.0.0.1',1,'2018-12-12 20:05:54');
INSERT INTO `attempts` VALUES (253,'59454288940','::ffff:127.0.0.1',1,'2018-12-12 22:28:23');
INSERT INTO `attempts` VALUES (254,'01746919992','::ffff:127.0.0.1',1,'2018-12-12 22:28:34');
INSERT INTO `attempts` VALUES (255,'01746918152','::ffff:192.168.1.87',1,'2018-12-13 11:20:55');
INSERT INTO `attempts` VALUES (256,'01746918152','::ffff:192.168.1.87',1,'2018-12-13 13:00:05');
INSERT INTO `attempts` VALUES (257,'01746918152','::ffff:192.168.1.87',1,'2018-12-13 13:27:03');
INSERT INTO `attempts` VALUES (258,'01746918152','::1',1,'2018-12-13 15:10:08');
INSERT INTO `attempts` VALUES (259,'01746918152','::ffff:192.168.1.87',1,'2018-12-13 15:36:40');
INSERT INTO `attempts` VALUES (260,'01746918152','::ffff:192.168.1.133',1,'2018-12-13 16:56:38');
INSERT INTO `attempts` VALUES (261,'01746918152','::ffff:192.168.1.128',1,'2018-12-15 06:27:38');
INSERT INTO `attempts` VALUES (262,'01746918152','::ffff:192.168.1.87',1,'2018-12-15 06:39:14');
INSERT INTO `attempts` VALUES (263,'01746918152','::ffff:192.168.1.87',1,'2018-12-15 07:03:13');
INSERT INTO `attempts` VALUES (264,'01746918152','::ffff:192.168.1.87',1,'2018-12-15 11:10:40');
INSERT INTO `attempts` VALUES (265,'01746918152','::ffff:192.168.1.87',1,'2018-12-15 11:57:38');
INSERT INTO `attempts` VALUES (266,'01746919992','::ffff:192.168.1.128',1,'2018-12-17 15:59:33');
INSERT INTO `attempts` VALUES (267,'01746919992','::ffff:192.168.1.128',0,'2018-12-19 07:53:07');
INSERT INTO `attempts` VALUES (268,'01746919992','::ffff:192.168.1.128',1,'2018-12-19 10:33:20');
INSERT INTO `attempts` VALUES (269,'01746919992','::ffff:192.168.43.114',1,'2018-12-21 17:21:25');
INSERT INTO `attempts` VALUES (270,'01746918152','::ffff:192.168.43.114',1,'2018-12-21 17:47:02');
INSERT INTO `attempts` VALUES (271,'01746919992','::ffff:192.168.43.114',1,'2018-12-21 17:54:15');
INSERT INTO `attempts` VALUES (272,'01746918155','::ffff:192.168.43.114',1,'2018-12-21 18:17:44');
INSERT INTO `attempts` VALUES (273,'01746919992','::ffff:192.168.1.133',1,'2018-12-28 13:15:45');
INSERT INTO `attempts` VALUES (274,'01746919992','::ffff:192.168.1.133',1,'2018-12-31 08:01:48');
INSERT INTO `attempts` VALUES (275,'01746919992','::ffff:192.168.1.128',1,'2019-01-02 14:10:41');
INSERT INTO `attempts` VALUES (276,'01746918155','::ffff:192.168.1.128',1,'2019-01-02 15:00:58');
INSERT INTO `attempts` VALUES (277,'01746919992','::ffff:192.168.1.128',1,'2019-01-07 09:18:05');
INSERT INTO `attempts` VALUES (278,'01746918152','::ffff:192.168.1.128',1,'2019-01-07 11:17:02');
INSERT INTO `attempts` VALUES (279,'01746919992','::ffff:192.168.1.128',1,'2019-01-07 11:47:20');
INSERT INTO `attempts` VALUES (280,'01746919992','::ffff:192.168.1.133',1,'2019-01-12 16:41:13');
INSERT INTO `attempts` VALUES (281,'01746918152','::ffff:192.168.1.133',1,'2019-01-14 06:51:25');
INSERT INTO `attempts` VALUES (282,'01746918152','::ffff:192.168.1.87',1,'2019-01-14 06:56:50');
INSERT INTO `attempts` VALUES (283,'01746918152','::ffff:192.168.1.87',1,'2019-01-14 12:09:00');
INSERT INTO `attempts` VALUES (284,'01746919992','::ffff:192.168.1.133',1,'2019-01-14 13:00:59');
INSERT INTO `attempts` VALUES (285,'01746919992','::ffff:192.168.1.172',1,'2019-01-16 17:52:03');
INSERT INTO `attempts` VALUES (286,'01746919992','::ffff:192.168.1.172',1,'2019-01-16 18:22:07');
INSERT INTO `attempts` VALUES (287,'81125864606','::ffff:192.168.1.128',1,'2019-01-17 12:47:15');
INSERT INTO `attempts` VALUES (288,'01746919992','::ffff:192.168.1.128',1,'2019-01-17 13:08:35');
INSERT INTO `attempts` VALUES (289,'01746918152','::ffff:192.168.1.128',1,'2019-01-18 09:08:29');
INSERT INTO `attempts` VALUES (290,'01746919992','::ffff:192.168.1.128',1,'2019-01-18 09:21:08');
INSERT INTO `attempts` VALUES (291,'01746919992','::ffff:192.168.1.128',1,'2019-01-18 10:22:33');
INSERT INTO `attempts` VALUES (292,'01746919992','::ffff:192.168.1.128',1,'2019-01-19 08:35:07');
INSERT INTO `attempts` VALUES (293,'01746918155','::ffff:192.168.1.133',1,'2019-01-21 08:35:46');
INSERT INTO `attempts` VALUES (294,'01746919992','::ffff:192.168.1.133',1,'2019-01-21 08:41:57');
INSERT INTO `attempts` VALUES (295,'01746918155','::ffff:192.168.1.133',1,'2019-01-22 09:32:39');
INSERT INTO `attempts` VALUES (296,'01746919992','::ffff:192.168.1.128',1,'2019-01-22 10:44:12');
INSERT INTO `attempts` VALUES (297,'01746919992','::ffff:192.168.1.128',1,'2019-01-22 11:16:02');
INSERT INTO `attempts` VALUES (298,'01746919992','::ffff:192.168.1.128',1,'2019-01-22 11:19:25');
INSERT INTO `attempts` VALUES (299,'01746919992','::ffff:192.168.1.128',1,'2019-01-22 12:40:06');
INSERT INTO `attempts` VALUES (300,'01746918155','::ffff:192.168.1.128',1,'2019-01-22 12:50:28');
INSERT INTO `attempts` VALUES (301,'81125864606','::ffff:192.168.1.128',1,'2019-01-22 16:16:30');
INSERT INTO `attempts` VALUES (302,'01746918155','::ffff:192.168.1.128',1,'2019-01-22 17:03:09');
INSERT INTO `attempts` VALUES (303,'01746918152','::ffff:192.168.1.133',1,'2019-01-22 19:17:59');
INSERT INTO `attempts` VALUES (304,'01746919992','::ffff:192.168.1.133',1,'2019-01-22 19:18:12');
INSERT INTO `attempts` VALUES (305,'01746918155','::ffff:192.168.1.133',1,'2019-01-22 19:20:22');
INSERT INTO `attempts` VALUES (306,'01746919992','::ffff:192.168.1.133',1,'2019-01-22 19:50:29');
INSERT INTO `attempts` VALUES (307,'01746918152','::ffff:192.168.1.133',1,'2019-01-23 09:56:10');
INSERT INTO `attempts` VALUES (308,'01746919992','::ffff:192.168.1.133',1,'2019-01-23 10:37:08');
INSERT INTO `attempts` VALUES (309,'01746918152','::ffff:192.168.1.133',1,'2019-01-24 16:20:47');
INSERT INTO `attempts` VALUES (310,'01746918152','::ffff:192.168.1.128',1,'2019-01-25 09:10:53');
INSERT INTO `attempts` VALUES (311,'01746918152','::ffff:192.168.1.128',1,'2019-01-26 10:13:16');
INSERT INTO `attempts` VALUES (312,'01746919992','::ffff:192.168.43.114',1,'2019-01-26 13:38:33');
INSERT INTO `attempts` VALUES (313,'01746918152','::ffff:192.168.43.114',1,'2019-01-26 13:38:44');
INSERT INTO `attempts` VALUES (314,'01746919992','::ffff:192.168.1.128',1,'2019-01-26 16:27:39');
INSERT INTO `attempts` VALUES (315,'01746918152','::ffff:192.168.1.128',1,'2019-01-28 07:18:21');
INSERT INTO `attempts` VALUES (316,'01746918152','::ffff:192.168.1.128',1,'2019-01-28 09:15:29');
INSERT INTO `attempts` VALUES (317,'01746919992','::ffff:192.168.1.128',1,'2019-01-28 10:38:05');
INSERT INTO `attempts` VALUES (318,'01746919992','::ffff:192.168.1.128',1,'2019-01-28 12:25:48');
INSERT INTO `attempts` VALUES (319,'59567465242','::ffff:192.168.1.128',1,'2019-01-28 14:59:28');
INSERT INTO `attempts` VALUES (320,'01746919992','::ffff:192.168.1.128',1,'2019-01-28 15:00:33');
INSERT INTO `attempts` VALUES (321,'01746918152','::ffff:192.168.1.128',1,'2019-01-28 15:01:44');
INSERT INTO `attempts` VALUES (322,'01746919992','::ffff:192.168.1.128',1,'2019-01-28 15:20:48');
INSERT INTO `attempts` VALUES (323,'01746919992','::ffff:192.168.1.128',1,'2019-01-28 15:23:36');
INSERT INTO `attempts` VALUES (324,'01746918152','::ffff:192.168.1.128',1,'2019-01-29 10:09:17');
INSERT INTO `attempts` VALUES (325,'01746919992','::ffff:192.168.1.128',1,'2019-01-30 09:55:01');
INSERT INTO `attempts` VALUES (326,'01746918155','::ffff:192.168.1.128',1,'2019-01-30 10:39:00');
INSERT INTO `attempts` VALUES (327,'01746918152','::ffff:192.168.1.128',1,'2019-01-31 07:45:11');
INSERT INTO `attempts` VALUES (328,'01746919992','::ffff:192.168.1.128',1,'2019-01-31 12:55:24');
INSERT INTO `attempts` VALUES (329,'01746919992','::ffff:192.168.1.128',1,'2019-01-31 13:34:17');
INSERT INTO `attempts` VALUES (330,'01746919992','::ffff:192.168.1.133',1,'2019-02-01 12:51:04');
INSERT INTO `attempts` VALUES (331,'01746919992','::ffff:192.168.1.128',1,'2019-02-01 16:50:38');
INSERT INTO `attempts` VALUES (332,'01746918152','::ffff:192.168.1.128',1,'2019-02-02 10:02:19');
INSERT INTO `attempts` VALUES (333,'01746918152','::ffff:192.168.1.128',1,'2019-02-02 11:09:34');
INSERT INTO `attempts` VALUES (334,'01746919992','::ffff:192.168.1.128',1,'2019-02-05 10:02:14');
INSERT INTO `attempts` VALUES (335,'01746918152','::ffff:192.168.1.128',1,'2019-02-05 12:33:46');
INSERT INTO `attempts` VALUES (336,'01746919992','::ffff:192.168.1.128',1,'2019-02-05 12:35:06');
INSERT INTO `attempts` VALUES (337,'01746919992','::ffff:192.168.1.128',1,'2019-02-05 12:35:39');
INSERT INTO `attempts` VALUES (338,'01746918152','::ffff:192.168.1.128',1,'2019-02-05 12:35:47');
INSERT INTO `attempts` VALUES (339,'01746919992','::ffff:192.168.1.128',1,'2019-02-05 13:01:25');
INSERT INTO `attempts` VALUES (340,'01746919992','::ffff:192.168.1.128',1,'2019-02-07 12:14:38');
INSERT INTO `attempts` VALUES (341,'59567465242','::ffff:192.168.1.128',0,'2019-02-07 13:37:42');
INSERT INTO `attempts` VALUES (342,'01746919992','::ffff:192.168.1.128',1,'2019-02-08 08:38:52');
INSERT INTO `attempts` VALUES (343,'01746919992','::ffff:192.168.1.128',1,'2019-02-08 12:03:11');
INSERT INTO `attempts` VALUES (344,'01746919992','::ffff:192.168.1.128',1,'2019-02-12 08:34:36');
INSERT INTO `attempts` VALUES (345,'59567465242','::ffff:192.168.1.128',0,'2019-02-12 10:12:57');
INSERT INTO `attempts` VALUES (346,'59567465242','::ffff:192.168.1.128',0,'2019-02-12 10:13:09');
INSERT INTO `attempts` VALUES (347,'01746919992','::ffff:192.168.1.128',1,'2019-02-13 15:56:41');
INSERT INTO `attempts` VALUES (348,'01746919992','::ffff:192.168.1.128',1,'2019-02-14 08:55:54');
INSERT INTO `attempts` VALUES (349,'01746919992','::ffff:192.168.1.128',1,'2019-02-14 09:43:58');
INSERT INTO `attempts` VALUES (350,'01746919992','::ffff:192.168.1.128',1,'2019-02-14 10:10:21');
INSERT INTO `attempts` VALUES (351,'01746919992','::ffff:192.168.1.128',1,'2019-02-14 11:02:13');
INSERT INTO `attempts` VALUES (352,'01746919992','::ffff:192.168.1.128',1,'2019-02-19 09:50:54');
INSERT INTO `attempts` VALUES (353,'01746919992','::ffff:192.168.1.128',1,'2019-02-19 10:45:05');
INSERT INTO `attempts` VALUES (354,'01746919992','::ffff:192.168.1.128',1,'2019-02-19 11:06:09');
INSERT INTO `attempts` VALUES (355,'01746918155','::ffff:192.168.1.128',1,'2019-02-19 11:18:43');
INSERT INTO `attempts` VALUES (356,'01746919992','::ffff:192.168.1.128',1,'2019-02-19 11:58:30');
INSERT INTO `attempts` VALUES (357,'01746918152','::ffff:192.168.1.128',1,'2019-02-23 17:52:15');
INSERT INTO `attempts` VALUES (358,'01746919992','::ffff:192.168.1.128',1,'2019-02-25 14:50:57');
INSERT INTO `attempts` VALUES (359,'01746919992','::ffff:192.168.1.133',1,'2019-02-26 17:26:28');
INSERT INTO `attempts` VALUES (360,'01746919992','::ffff:192.168.1.128',1,'2019-03-07 11:35:44');
INSERT INTO `attempts` VALUES (361,'01746919992','::ffff:192.168.1.128',1,'2019-03-07 12:58:02');
INSERT INTO `attempts` VALUES (362,'01746919992','::ffff:192.168.1.128',1,'2019-03-07 16:01:00');
INSERT INTO `attempts` VALUES (363,'01746919992','::ffff:192.168.1.128',1,'2019-03-08 13:26:30');
INSERT INTO `attempts` VALUES (364,'01746919992','::ffff:192.168.1.128',1,'2019-03-09 09:29:27');
INSERT INTO `attempts` VALUES (365,'01746919992','::ffff:192.168.1.128',1,'2019-03-11 11:26:15');
INSERT INTO `attempts` VALUES (366,'01746919992','::ffff:192.168.1.128',1,'2019-03-20 13:13:58');
INSERT INTO `attempts` VALUES (367,'01746919992','::ffff:192.168.1.128',1,'2019-03-25 08:25:59');
INSERT INTO `attempts` VALUES (368,'01746919992','::ffff:192.168.1.128',1,'2019-03-25 08:40:50');
INSERT INTO `attempts` VALUES (369,'01746918155','::ffff:192.168.1.128',1,'2019-03-25 12:18:07');
INSERT INTO `attempts` VALUES (370,'01746918155','::ffff:192.168.1.133',1,'2019-03-25 15:25:10');
INSERT INTO `attempts` VALUES (371,'01746918152','::ffff:192.168.1.133',1,'2019-03-26 17:16:05');
INSERT INTO `attempts` VALUES (372,'98041570252','::ffff:192.168.1.133',1,'2019-03-26 17:16:24');
INSERT INTO `attempts` VALUES (373,'01746919992','::ffff:192.168.1.133',1,'2019-03-28 16:05:41');
INSERT INTO `attempts` VALUES (374,'01746918155','::ffff:192.168.1.128',1,'2019-04-01 16:46:30');
INSERT INTO `attempts` VALUES (375,'01746919992','::ffff:192.168.1.128',1,'2019-04-02 12:55:25');
INSERT INTO `attempts` VALUES (376,'23103033636','::ffff:192.168.1.128',1,'2019-04-02 13:27:10');
INSERT INTO `attempts` VALUES (377,'01746919992','::ffff:192.168.1.172',1,'2019-04-02 16:18:24');
INSERT INTO `attempts` VALUES (378,'01746918152','::ffff:192.168.1.172',1,'2019-04-02 17:26:15');
INSERT INTO `attempts` VALUES (379,'01746919992','::ffff:192.168.1.172',1,'2019-04-02 17:49:38');
INSERT INTO `attempts` VALUES (380,'01746919992','::ffff:192.168.1.133',1,'2019-04-03 11:10:54');
INSERT INTO `attempts` VALUES (381,'01746919992','::ffff:192.168.1.128',1,'2019-04-05 08:25:38');
INSERT INTO `attempts` VALUES (382,'01746919992','::ffff:192.168.1.133',1,'2019-04-09 20:12:07');
INSERT INTO `attempts` VALUES (383,'01746918155','::ffff:192.168.1.128',1,'2019-04-11 10:49:20');
INSERT INTO `attempts` VALUES (384,'01746919992','::ffff:192.168.1.128',1,'2019-04-11 10:53:53');
INSERT INTO `attempts` VALUES (385,'43695270550','::ffff:192.168.1.128',1,'2019-04-11 10:54:27');
INSERT INTO `attempts` VALUES (386,'01746919992','::ffff:192.168.1.128',1,'2019-04-14 10:13:30');
INSERT INTO `attempts` VALUES (387,'01746919992','::ffff:192.168.1.133',0,'2019-04-17 13:41:20');
INSERT INTO `attempts` VALUES (388,'01746919992','::ffff:192.168.1.133',1,'2019-04-17 13:41:28');
INSERT INTO `attempts` VALUES (389,'01746919992','::ffff:192.168.1.128',1,'2019-04-22 09:06:22');
INSERT INTO `attempts` VALUES (390,'01746919992','::ffff:192.168.1.128',1,'2019-04-22 09:07:26');
INSERT INTO `attempts` VALUES (391,'01746919992','::ffff:192.168.1.128',1,'2019-04-22 09:08:19');
INSERT INTO `attempts` VALUES (392,'01746919992','::ffff:192.168.1.128',1,'2019-04-22 09:11:49');
INSERT INTO `attempts` VALUES (393,'01746919992','::ffff:192.168.1.128',1,'2019-04-22 09:13:07');
INSERT INTO `attempts` VALUES (394,'01746919992','::ffff:192.168.1.128',1,'2019-04-22 09:13:29');
INSERT INTO `attempts` VALUES (395,'01746919992','::ffff:192.168.1.128',1,'2019-04-22 09:14:57');
INSERT INTO `attempts` VALUES (396,'01746919992','::ffff:192.168.1.128',1,'2019-04-22 09:15:20');
INSERT INTO `attempts` VALUES (397,'01746919992','::ffff:192.168.1.128',1,'2019-04-22 09:16:09');
INSERT INTO `attempts` VALUES (398,'01746919992','::ffff:192.168.1.128',1,'2019-04-22 09:17:00');
INSERT INTO `attempts` VALUES (399,'01746919992','::ffff:192.168.1.128',1,'2019-04-22 09:17:53');
INSERT INTO `attempts` VALUES (400,'01746919992','::ffff:192.168.1.128',1,'2019-04-22 09:18:51');
INSERT INTO `attempts` VALUES (401,'01746919992','::ffff:192.168.1.128',1,'2019-04-22 09:20:37');
INSERT INTO `attempts` VALUES (402,'01746919992','::ffff:192.168.1.128',1,'2019-04-22 09:21:23');
INSERT INTO `attempts` VALUES (403,'01746919992','::ffff:192.168.1.128',1,'2019-04-22 09:22:19');
INSERT INTO `attempts` VALUES (404,'01746919992','::ffff:192.168.1.128',1,'2019-04-22 09:22:56');
INSERT INTO `attempts` VALUES (405,'01746919992','::ffff:192.168.1.128',1,'2019-04-22 09:24:17');
INSERT INTO `attempts` VALUES (406,'01746919992','::ffff:192.168.1.128',1,'2019-04-22 09:24:46');
INSERT INTO `attempts` VALUES (407,'01746919992','::ffff:192.168.1.128',1,'2019-04-22 09:25:35');
INSERT INTO `attempts` VALUES (408,'01746919992','::ffff:192.168.1.128',1,'2019-04-22 09:25:55');
INSERT INTO `attempts` VALUES (409,'01746919992','::ffff:192.168.1.128',1,'2019-04-22 09:26:29');
INSERT INTO `attempts` VALUES (410,'01746919992','::ffff:192.168.1.128',1,'2019-04-22 09:28:47');
INSERT INTO `attempts` VALUES (411,'01746919992','::ffff:192.168.1.128',1,'2019-04-22 09:30:04');
INSERT INTO `attempts` VALUES (412,'01746919992','::ffff:192.168.1.128',0,'2019-04-22 09:30:52');
INSERT INTO `attempts` VALUES (413,'01746919992','::ffff:192.168.1.128',1,'2019-04-22 09:30:58');
INSERT INTO `attempts` VALUES (414,'01746919992','::ffff:192.168.1.128',1,'2019-04-22 09:31:24');
INSERT INTO `attempts` VALUES (415,'01746919992','::ffff:192.168.1.128',1,'2019-04-22 10:03:44');
INSERT INTO `attempts` VALUES (416,'01746919992','::ffff:192.168.1.128',1,'2019-04-22 10:04:53');
INSERT INTO `attempts` VALUES (417,'01746919992','::ffff:192.168.1.128',1,'2019-04-22 10:05:42');
INSERT INTO `attempts` VALUES (418,'01746919992','::ffff:192.168.1.128',1,'2019-04-22 10:06:10');
INSERT INTO `attempts` VALUES (419,'01746919992','::ffff:192.168.1.128',1,'2019-04-22 10:06:50');
INSERT INTO `attempts` VALUES (420,'43695270550','::ffff:192.168.1.128',1,'2019-04-22 16:43:01');
INSERT INTO `attempts` VALUES (421,'01746918155','::ffff:192.168.1.128',1,'2019-04-22 16:47:20');
INSERT INTO `attempts` VALUES (422,'43695270550','::ffff:192.168.1.128',1,'2019-04-22 17:01:42');
INSERT INTO `attempts` VALUES (423,'01746919992','::ffff:192.168.1.128',1,'2019-04-23 09:26:46');
INSERT INTO `attempts` VALUES (424,'43695270550','::ffff:192.168.1.128',1,'2019-04-23 09:27:42');
INSERT INTO `attempts` VALUES (425,'43695270550','::ffff:192.168.1.128',1,'2019-04-23 09:51:04');
INSERT INTO `attempts` VALUES (426,'01746918152','::ffff:192.168.1.128',1,'2019-04-23 11:05:42');
INSERT INTO `attempts` VALUES (427,'01746918155','::ffff:192.168.1.128',1,'2019-04-23 12:48:05');
INSERT INTO `attempts` VALUES (428,'01746918155','::ffff:192.168.1.128',1,'2019-04-23 13:06:29');
INSERT INTO `attempts` VALUES (429,'01746918152','::ffff:192.168.1.128',1,'2019-04-23 14:24:21');
INSERT INTO `attempts` VALUES (430,'01746919992','::ffff:192.168.1.128',1,'2019-04-24 07:48:53');
/*!40000 ALTER TABLE `attempts` ENABLE KEYS */;
UNLOCK TABLES;

--
-- Table structure for table `carbon`
--

DROP TABLE IF EXISTS `carbon`;
/*!40101 SET @saved_cs_client     = @@character_set_client */;
/*!40101 SET character_set_client = utf8 */;
CREATE TABLE `carbon` (
  `transaction_id` varchar(30) NOT NULL,
  `group_id` varchar(12) NOT NULL,
  `user_id` varchar(25) NOT NULL,
  `member_id` varchar(11) NOT NULL,
  `trans_object` text NOT NULL,
  `method` varchar(20) NOT NULL DEFAULT 'recycled',
  `trans_date` datetime NOT NULL,
  PRIMARY KEY (`transaction_id`)
) ENGINE=InnoDB DEFAULT CHARSET=latin1;
/*!40101 SET character_set_client = @saved_cs_client */;

--
-- Dumping data for table `carbon`
--

LOCK TABLES `carbon` WRITE;
/*!40000 ALTER TABLE `carbon` DISABLE KEYS */;
INSERT INTO `carbon` VALUES ('11008511909369283000','WG-100','01746918152','anon','{\"IT-100\":\"1000\"}','recycled','2018-11-17 03:42:26');
INSERT INTO `carbon` VALUES ('11100733608938609000','WG-100','01746918152','anon','{\"IT-100\":\"100\"}','recycled','2019-01-28 08:43:21');
INSERT INTO `carbon` VALUES ('1234567890','WG-100','','retro','{\"IT-100\":\"229440\",\"IT-101\":\"861\",\"IT-102\":\"129627\",\"IT-103\":\"21636\",\"IT-104\":\"11410\",\"IT-105\":\"8133\",\"IT-106\":\"20196\"}','recycled','2018-01-01 00:00:00');
INSERT INTO `carbon` VALUES ('1234567891','WG-100','','retro','{\"IT-100\":\"80240\",\"IT-101\":\"2341\",\"IT-102\":\"77418\",\"IT-103\":\"14928\",\"IT-104\":\"4928\",\"IT-105\":\"5804\",\"IT-106\":\"14385\"}','recycled','2018-02-01 00:00:00');
INSERT INTO `carbon` VALUES ('1234567892','WG-100','','retro','{\"IT-100\":\"99600\",\"IT-101\":\"3745\",\"IT-102\":\"58777\",\"IT-103\":\"8231\",\"IT-104\":\"11915\",\"IT-105\":\"3002\",\"IT-106\":\"15538\"}','recycled','2018-03-01 00:00:00');
INSERT INTO `carbon` VALUES ('1234567893','WG-100','','retro','{\"IT-100\":\"303578\",\"IT-101\":\"2670\",\"IT-102\":\"73483\",\"IT-103\":\"16225\",\"IT-104\":\"18288\",\"IT-105\":\"1607\",\"IT-106\":\"5151\"}','recycled','2018-04-01 00:00:00');
INSERT INTO `carbon` VALUES ('1234567894','WG-100','','retro','{\"IT-100\":\"104577\",\"IT-101\":\"12518\",\"IT-102\":\"361278\",\"IT-103\":\"17795\",\"IT-104\":\"9889\",\"IT-105\":\"3120\",\"IT-106\":\"12016\"}','recycled','2018-05-01 00:00:00');
INSERT INTO `carbon` VALUES ('1234567895','WG-100','','retro','{\"IT-100\":\"7334\",\"IT-101\":\"1735\",\"IT-102\":\"16993\",\"IT-103\":\"2594\",\"IT-104\":\"54\",\"IT-105\":\"208\",\"IT-106\":\"6362\"}','recycled','2018-06-01 00:00:00');
INSERT INTO `carbon` VALUES ('15658330833747173000','WG-100','01746918152','anon','{\"IT-100\":\"100\"}','recycled','2019-01-28 08:34:08');
INSERT INTO `carbon` VALUES ('15965043895968050000','WG-100','01746918152','anon','{\"IT-100\":\"100\"}','recycled','2019-01-28 08:36:52');
INSERT INTO `carbon` VALUES ('16373527399227953000','WG-100','01746919992','anon','{\"IT-102\":\"1\"}','recycled','2019-04-22 07:17:26');
INSERT INTO `carbon` VALUES ('16439198034978114000','WG-101','01746918152','anon','{\"IT-112\":\"5\"}','generated','2019-01-14 12:37:08');
INSERT INTO `carbon` VALUES ('16604067013540076000','WG-100','','anon','{\"IT-101\":\"1000\"}','recycled','2018-11-12 14:08:42');
INSERT INTO `carbon` VALUES ('18465980689263060000','WG-100','01746918152','anon','{\"IT-100\":\"100\"}','recycled','2019-01-28 08:38:25');
INSERT INTO `carbon` VALUES ('18940603301451550000','WG-100','01746919992','anon','{\"IT-101\":\"1\"}','other','2018-11-14 12:46:55');
INSERT INTO `carbon` VALUES ('19928770490167780000','WG-100','','anon','{\"IT-100\":1357}','recycled','2018-11-07 15:39:32');
INSERT INTO `carbon` VALUES ('20518723294561485000','WG-100','','383039112','{\"IT-100\":\"100\"}','recycled','2018-11-07 15:38:37');
INSERT INTO `carbon` VALUES ('20703547064337506000','WG-100','01746919992','anon','{\"IT-107\":\"1000\"}','reused','2019-04-24 08:02:29');
INSERT INTO `carbon` VALUES ('23383006031283840000','WG-100','01746919992','anon','{\"IT-108\":\"5\",\"IT-104\":\"100\"}','recycled','2018-11-20 19:26:08');
INSERT INTO `carbon` VALUES ('24067929008285590000','WG-100','01746918152','12849542116','{\"IT-100\":\"1000\"}','recycled','2018-11-17 03:51:55');
INSERT INTO `carbon` VALUES ('26242162385522280000','WG-100','','383039112','{\"IT-101\":\"1000\",\"IT-104\":\"278\"}','recycled','2018-09-18 12:33:32');
INSERT INTO `carbon` VALUES ('27981332454422663000','WG-100','01746919992','anon','{\"IT-100\":\"100\"}','reused','2019-04-24 08:19:42');
INSERT INTO `carbon` VALUES ('29334874821798765000','WG-100','01746918152','12849542116','{\"IT-107\":\"1000\"}','recycled','2019-01-26 10:45:18');
INSERT INTO `carbon` VALUES ('30086152221155054000','WG-100','01746918152','anon','{\"IT-101\":\"430\"}','recycled','2019-01-23 10:12:46');
INSERT INTO `carbon` VALUES ('31038194258293404000','WG-100','01746918152','anon','{\"IT-100\":\"2500\"}','recycled','2018-11-17 03:41:01');
INSERT INTO `carbon` VALUES ('31258795473081823000','WG-100','01746918152','12849542116','{\"IT-100\":\"1000\"}','recycled','2018-11-17 03:56:03');
INSERT INTO `carbon` VALUES ('34070849825789153000','WG-100','01746918152','anon','{\"IT-100\":\"10000000000000\"}','recycled','2018-11-17 03:42:38');
INSERT INTO `carbon` VALUES ('35611154464329070000','WG-100','','anon','{\"IT-100\":\"500\"}','recycled','2018-11-12 14:10:32');
INSERT INTO `carbon` VALUES ('36347255676707230000','WG-100','01746918152','anon','{\"IT-100\":\"1000\"}','recycled','2018-11-17 03:50:28');
INSERT INTO `carbon` VALUES ('36500199681836870000','WG-100','01746918152','anon','{\"IT-100\":\"100\"}','reused','2019-04-23 14:30:28');
INSERT INTO `carbon` VALUES ('36781807167016133000','WG-100','01746919992','anon','{\"IT-112\":\"5\"}','recycled','2018-12-11 12:42:28');
INSERT INTO `carbon` VALUES ('36822980460318950000','WG-100','01746918152','anon','{\"IT-100\":\"2500\"}','recycled','2018-11-17 03:41:28');
INSERT INTO `carbon` VALUES ('37169935488935985000','WG-100','','anon','{\"IT-101\":\"500\"}','recycled','2018-11-12 14:10:44');
INSERT INTO `carbon` VALUES ('38411763214418490000','WG-100','01746919992','92187273873','{\"IT-104\":\"100\",\"IT-102\":\"100\"}','recycled','2018-11-13 17:09:51');
INSERT INTO `carbon` VALUES ('38520749864333710000','WG-100-933','01746918155','anon','{\"IT-102\":\"1\"}','recycled','2019-03-25 13:27:16');
INSERT INTO `carbon` VALUES ('39402730965508510000','WG-100','','anon','{\"IT-100\":\"100\"}','recycled','2018-11-10 12:43:37');
INSERT INTO `carbon` VALUES ('41082020974841790000','WG-100','','anon','{\"IT-100\":\"1000\"}','recycled','2018-11-12 14:09:10');
INSERT INTO `carbon` VALUES ('41336728741544840000','WG-100','01746919992','anon','{\"IT-107\":\"1000\"}','reused','2019-04-24 08:18:36');
INSERT INTO `carbon` VALUES ('42279602975831240000','WG-100','','383039112','{\"IT-100\":\"100\"}','recycled','2018-08-31 11:46:45');
INSERT INTO `carbon` VALUES ('44659242639053030000','WG-100','01746919992','383039112','{\"IT-107\":\"1000\"}','reused','2019-04-23 14:17:52');
INSERT INTO `carbon` VALUES ('44756469507598930000','WG-100','01746918152','12849542116','{\"IT-102\":\"1000\"}','recycled','2018-11-20 23:23:14');
INSERT INTO `carbon` VALUES ('45406748411863540000','WG-100','01746918152','anon','{\"IT-112\":\"5\"}','recycled','2018-12-08 09:44:36');
INSERT INTO `carbon` VALUES ('47406503950411230000','WG-100','01746918152','anon','{\"IT-100\":\"100\"}','recycled','2019-02-02 10:46:11');
INSERT INTO `carbon` VALUES ('48153504869999810000','WG-100','01746918152','anon','{\"IT-100\":\"500\"}','recycled','2019-01-23 10:11:46');
INSERT INTO `carbon` VALUES ('50728050852665350000','WG-100','01746919992','16695049487','{\"IT-100\":\"1000\"}','recycled','2018-12-08 08:30:08');
INSERT INTO `carbon` VALUES ('51574127962519480000','WG-100-933','01746919992','anon','{\"IT-102\":\"10\"}','recycled','2019-02-27 08:00:22');
INSERT INTO `carbon` VALUES ('52379240106259190000','WG-100','','anon','{\"IT-101\":\"1000\"}','recycled','2018-11-12 14:07:55');
INSERT INTO `carbon` VALUES ('53089378507254145000','WG-101-001','01746919992','anon','{\"IT-112\":\"5\",\"IT-102\":\"10\"}','recycled','2019-01-18 09:03:56');
INSERT INTO `carbon` VALUES ('53934074084469330000','WG-100','','383039112','{\"IT-101\":\"100\"}','recycled','2018-08-31 12:08:42');
INSERT INTO `carbon` VALUES ('54428786147079970000','WG-100','01746918152','anon','{\"IT-100\":\"10000\"}','recycled','2018-11-17 03:51:21');
INSERT INTO `carbon` VALUES ('54493069206194510000','WG-100','01746918152','anon','{\"IT-100\":\"1\"}','landfilled','2018-11-14 15:00:33');
INSERT INTO `carbon` VALUES ('55066964187665400000','WG-100','','anon','{\"IT-103\":\"1000\"}','recycled','2018-11-12 14:13:32');
INSERT INTO `carbon` VALUES ('57901193034400520000','WG-100','01746918152','anon','{\"IT-100\":\"1000\"}','recycled','2018-11-17 03:48:11');
INSERT INTO `carbon` VALUES ('58447487237577890000','WG-100','01746918152','12849542116','{\"IT-100\":\"1000\"}','recycled','2018-11-17 03:51:41');
INSERT INTO `carbon` VALUES ('59784479698382940000','WG-100','23103033636','anon','{\"IT-107\":\"1000\"}','recycled','2019-04-02 13:27:30');
INSERT INTO `carbon` VALUES ('65681743112143890000','WG-100','','anon','{\"IT-100\":65}','recycled','2018-11-05 20:15:49');
INSERT INTO `carbon` VALUES ('66081830384838900000','WG-100','','anon','{\"IT-101\":\"100\"}','recycled','2018-11-12 15:05:54');
INSERT INTO `carbon` VALUES ('66361601852542290000','WG-100','','383039112','{\"IT-100\":17.5}','recycled','2018-11-05 20:16:10');
INSERT INTO `carbon` VALUES ('66368496714443990000','WG-100','01746918152','anon','{\"IT-107\":\"1000\"}','reused','2019-04-23 14:27:40');
INSERT INTO `carbon` VALUES ('66811065506646490000','WG-100','01746918152','anon','{\"IT-100\":\"100\"}','recycled','2019-01-28 08:36:17');
INSERT INTO `carbon` VALUES ('67231007187601340000','WG-100','01746919992','anon','{\"IT-101\":\"4\",\"IT-104\":\"4\"}','landfilled','2018-11-14 12:31:23');
INSERT INTO `carbon` VALUES ('67618642039309760000','WG-100','','anon','{\"IT-100\":\"10\",\"IT-101\":\"100\"}','recycled','2018-11-12 15:05:03');
INSERT INTO `carbon` VALUES ('68118199358446354000','WG-100','01746918152','anon','{\"IT-100\":\"1000\"}','recycled','2019-01-23 10:13:34');
INSERT INTO `carbon` VALUES ('68341739662345320000','WG-100','01746918152','anon','{\"IT-100\":\"1000\"}','recycled','2018-11-17 03:48:46');
INSERT INTO `carbon` VALUES ('68476985390259490000','WG-100','01746918152','anon','{\"IT-100\":\"100\"}','recycled','2019-01-28 08:39:32');
INSERT INTO `carbon` VALUES ('69657217230747130000','WG-100','','anon','{\"IT-100\":\"100\"}','recycled','2018-11-12 15:17:21');
INSERT INTO `carbon` VALUES ('70435102790076290000','WG-100','01746918152','12849542116','{\"IT-103\":450}','recycled','2018-11-20 23:53:08');
INSERT INTO `carbon` VALUES ('72019970850588300000','WG-100','01746919992','12849542116','{\"IT-107\":\"1000\"}','reused','2019-04-24 08:05:23');
INSERT INTO `carbon` VALUES ('72436643768614460000','WG-100','','anon','{\"IT-101\":\"1000\"}','recycled','2018-11-12 14:07:28');
INSERT INTO `carbon` VALUES ('74591971330108360000','WG-100','','anon','{\"IT-101\":\"1000\"}','recycled','2018-11-12 14:13:03');
INSERT INTO `carbon` VALUES ('75090516427506650000','WG-100','','383039112','{\"IT-102\":150}','recycled','2018-08-31 12:08:54');
INSERT INTO `carbon` VALUES ('76742725870913620000','WG-103','01746918152','anon','{\"IT-102\":\"111\"}','generated','2019-04-23 14:30:38');
INSERT INTO `carbon` VALUES ('76765393757702360000','WG-100','01746919992','anon','{\"IT-100\":\"1000\"}','landfilled','2018-11-14 12:31:30');
INSERT INTO `carbon` VALUES ('78481732077882410000','WG-100','01746918152','anon','{\"IT-107\":\"1000\"}','reused','2019-04-23 11:33:32');
INSERT INTO `carbon` VALUES ('78647963756563000000','WG-100','','383039112','{\"IT-104\":\"500\"}','recycled','2018-08-31 12:09:36');
INSERT INTO `carbon` VALUES ('79883719626944450000','WG-100','01746918152','anon','{\"IT-100\":\"1000\"}','recycled','2018-11-17 03:46:30');
INSERT INTO `carbon` VALUES ('81104870663791150000','WG-100','01746918152','anon','{\"IT-100\":\"100\"}','recycled','2019-01-28 08:44:15');
INSERT INTO `carbon` VALUES ('83913066353913900000','WG-101','43695270550','anon','{\"IT-112\":\"5\"}','recycled','2019-04-23 09:04:44');
INSERT INTO `carbon` VALUES ('83924271786190490000','WG-100','','383039112','{\"IT-100\":\"50\"}','recycled','2018-08-31 12:09:21');
INSERT INTO `carbon` VALUES ('85159213250027490000','WG-100','01746918152','12849542116','{\"IT-100\":\"500\"}','recycled','2018-11-20 23:08:00');
INSERT INTO `carbon` VALUES ('85565493127765820000','WG-100','01746918152','anon','{\"IT-100\":\"100\"}','recycled','2019-02-23 18:00:24');
INSERT INTO `carbon` VALUES ('85657451719432550000','WG-100','01746919992','anon','{\"IT-108\":\"100\"}','recycled','2018-11-22 18:11:41');
INSERT INTO `carbon` VALUES ('87093254092513070000','WG-100','','anon','{\"IT-100\":\"500\"}','recycled','2018-11-12 14:10:00');
INSERT INTO `carbon` VALUES ('87428516636555260000','WG-100','','anon','{\"IT-100\":\"157\"}','recycled','2018-11-07 15:38:15');
INSERT INTO `carbon` VALUES ('91694484404340420000','WG-100','01746918152','anon','{\"IT-100\":\"1000\"}','recycled','2018-11-17 03:50:53');
INSERT INTO `carbon` VALUES ('91859230901390520000','WG-100','01746919992','anon','{\"IT-102\":\"5\"}','recycled','2019-02-27 07:31:20');
INSERT INTO `carbon` VALUES ('92036992067115960000','WG-100','01746918152','anon','{\"IT-100\":\"100\"}','recycled','2019-01-28 08:38:49');
INSERT INTO `carbon` VALUES ('92282695141825100000','WG-100','','12849542116','{\"IT-100\":\"350\"}','recycled','2018-11-08 10:50:39');
INSERT INTO `carbon` VALUES ('93262815783018900000','WG-100','','383039112','{\"IT-100\":\"10\"}','recycled','2018-11-05 20:18:16');
INSERT INTO `carbon` VALUES ('93775619393842350000','WG-100','','anon','{\"IT-101\":\"100\"}','recycled','2018-11-12 14:12:46');
INSERT INTO `carbon` VALUES ('93830173813391980000','WG-100','','16695049487','{\"IT-100\":356}','recycled','2018-11-06 18:00:08');
INSERT INTO `carbon` VALUES ('94119700195157410000','WG-100','01746918152','92187273873','{\"IT-102\":\"1000\"}','recycled','2018-11-20 23:19:11');
INSERT INTO `carbon` VALUES ('96011341100380180000','WG-100','01746918152','anon','{\"IT-100\":\"1000\"}','recycled','2019-01-23 09:57:32');
INSERT INTO `carbon` VALUES ('96923628742524320000','WG-104','','anon','{\"IT-103\":\"1000\"}','generated','2018-11-12 15:19:08');
INSERT INTO `carbon` VALUES ('97966215665975530000','WG-100','','anon','{\"IT-100\":\"10000\"}','recycled','2018-11-12 14:13:11');
INSERT INTO `carbon` VALUES ('98392713660048700000','WG-100','01746919992','anon','{\"IT-107\":\"1000\"}','reused','2019-04-24 08:19:32');
INSERT INTO `carbon` VALUES ('99074498501170630000','WG-100','01746919992','anon','{\"IT-107\":\"1000\"}','recycled','2019-02-27 07:58:12');
/*!40000 ALTER TABLE `carbon` ENABLE KEYS */;
UNLOCK TABLES;

--
-- Table structure for table `carbon_categories`
--

DROP TABLE IF EXISTS `carbon_categories`;
/*!40101 SET @saved_cs_client     = @@character_set_client */;
/*!40101 SET character_set_client = utf8 */;
CREATE TABLE `carbon_categories` (
  `carbon_id` varchar(6) NOT NULL,
  `name` varchar(50) NOT NULL,
  `factors` text NOT NULL,
  `active` tinyint(4) NOT NULL DEFAULT '1',
  PRIMARY KEY (`carbon_id`)
) ENGINE=InnoDB DEFAULT CHARSET=latin1;
/*!40101 SET character_set_client = @saved_cs_client */;

--
-- Dumping data for table `carbon_categories`
--

LOCK TABLES `carbon_categories` WRITE;
/*!40000 ALTER TABLE `carbon_categories` DISABLE KEYS */;
INSERT INTO `carbon_categories` VALUES ('IT-100','Textiles','{\"generated\":\"20.44\",\"recycled\":\"-5.83\",\"incinerated\":\"0.22\",\"landfilled\":\"0.6\",\"composted\":\"0\",\"reused\":\"0\",\"stored\":\"0\",\"other\":\"0\"}',1);
INSERT INTO `carbon_categories` VALUES ('IT-101','Electronics','{\n  \"generated\":1.76,\n  \"recycled\":0.02,\n  \"incinerated\":0.02,\n  \"landfilled\":0.02,\n  \"composted\":0,\n  \"reused\": 0,\n  \"stored\": 0,\n  \"other\": 0\n}\n',1);
INSERT INTO `carbon_categories` VALUES ('IT-102','Books','{\n  \"generated\":0.94,\n  \"recycled\":-0.55,\n  \"incinerated\":-0.18,\n  \"landfilled\":0.50,\n  \"composted\":0,\n  \"reused\": 0,\n  \"stored\": 0,\n  \"other\": 0\n}\n',1);
INSERT INTO `carbon_categories` VALUES ('IT-103','Plastics','{   \"generated\":3.18,   \"recycled\":-0.54,   \"incinerated\":1.66,   \"landfilled\":0,   \"composted\":0,   \"reused\": 0,   \"stored\": 0,   \"other\": 0 }',1);
INSERT INTO `carbon_categories` VALUES ('IT-104','Metal','{\r\n  \"generated\":3.89,\r\n  \"recycled\":-2.54,\r\n  \"incinerated\":0.06,\r\n  \"landfilled\":0,\r\n  \"composted\":0,\r\n  \"reused\": 0,\r\n  \"stored\": 0,\r\n  \"other\": 0\r\n}',1);
INSERT INTO `carbon_categories` VALUES ('IT-105','Wood','{\r\n  \"generated\":0.51,\r\n  \"recycled\":-0.29,\r\n  \"incinerated\":-0.27,\r\n  \"landfilled\":0.92,\r\n  \"composted\":0,\r\n  \"reused\": 0,\r\n  \"stored\": 0,\r\n  \"other\": 0\r\n}',1);
INSERT INTO `carbon_categories` VALUES ('IT-106','Glass/Ceramic','{\r\n  \"generated\":1.21,\r\n  \"recycled\":-0.75,\r\n  \"incinerated\":0.07,\r\n  \"landfilled\":0,\r\n  \"composted\":0,\r\n  \"reused\": 0,\r\n  \"stored\": 0,\r\n  \"other\": 0\r\n}',1);
INSERT INTO `carbon_categories` VALUES ('IT-107','Food','{\"generated\":\"3.74\",\"recycled\":\"0\",\"incinerated\":\"-0.01\",\"landfilled\":\"0.99\",\"composted\":\"-0.08\",\"reused\":\"0\",\"stored\":\"0\",\"other\":-0.08}',1);
INSERT INTO `carbon_categories` VALUES ('IT-108','Paper & Card','{\"generated\":\"0.87\",\"recycled\":\"-0.55\",\"incinerated\":\"-0.18\",\"landfilled\":\"0.5\",\"composted\":\"0\",\"reused\":\"0\",\"stored\":\"0\",\"other\":-0.08}',1);
INSERT INTO `carbon_categories` VALUES ('IT-109','Furniture','{\"generated\":\"2.14\",\"recycled\":\"0.02\",\"incinerated\":\"0.02\",\"landfilled\":\"0.20\",\"composted\":\"0\",\"reused\":\"0\",\"stored\":\"0\",\"other\":-0.08}',1);
INSERT INTO `carbon_categories` VALUES ('IT-110','Household Waste','{\"generated\":\"0\",\"recycled\":\"2.75\",\"incinerated\":\"-0.57\",\"landfilled\":\"0.4\",\"composted\":\"0\",\"reused\":\"0\",\"stored\":\"0\",\"other\":\"0\"}',1);
INSERT INTO `carbon_categories` VALUES ('IT-111','Computer Equipment','{\"generated\":\"27.00\",\"recycled\":\"0.02\",\"incinerated\":\"0.02\",\"landfilled\":\"0.02\",\"composted\":\"0\",\"reused\":\"0\",\"stored\":\"0\",\"other\":\"0\"}',1);
INSERT INTO `carbon_categories` VALUES ('IT-112','Bicycles','{\"generated\":\"4.28\",\"recycled\":\"-2.54\",\"incinerated\":\"0.06\",\"landfilled\":\"0.00\",\"composted\":\"0\",\"reused\":\"0\",\"stored\":\"0\",\"other\":\"0\"}',1);
INSERT INTO `carbon_categories` VALUES ('IT-113','Tools','{\"generated\":\"1.76\",\"recycled\":\"0.02\",\"incinerated\":\"0.02\",\"landfilled\":\"0.02\",\"composted\":\"0\",\"reused\":\"0\",\"stored\":\"0\",\"other\":\"0\"}',1);
INSERT INTO `carbon_categories` VALUES ('IT-114','Paint','{\"generated\":\"2.91\",\"recycled\":\"0\",\"incinerated\":\"0.40\",\"landfilled\":\"0.00\",\"composted\":\"0\",\"reused\":\"0\",\"stored\":\"0\",\"other\":\"0\"}',1);
/*!40000 ALTER TABLE `carbon_categories` ENABLE KEYS */;
UNLOCK TABLES;

--
-- Table structure for table `data_permissions`
--

DROP TABLE IF EXISTS `data_permissions`;
/*!40101 SET @saved_cs_client     = @@character_set_client */;
/*!40101 SET character_set_client = utf8 */;
CREATE TABLE `data_permissions` (
  `class` varchar(15) NOT NULL,
  `permissions` text NOT NULL,
  PRIMARY KEY (`class`)
) ENGINE=InnoDB DEFAULT CHARSET=latin1;
/*!40101 SET character_set_client = @saved_cs_client */;

--
-- Dumping data for table `data_permissions`
--

LOCK TABLES `data_permissions` WRITE;
/*!40000 ALTER TABLE `data_permissions` DISABLE KEYS */;
INSERT INTO `data_permissions` VALUES ('admin','{\"members\":{\"add\":true,\"view\":true,\"update\":true,\"delete\":true,\"revokeMembership\":true,\"name\":true,\"membershipDates\":true,\"contactDetails\":true,\"transactionHistory\":true,\"workingGroups\":true,\"balance\":true,\"manageMembershipCard\":true,\"carbonSaved\":true},\"volunteers\":{\"add\":true,\"view\":true,\"update\":true,\"invite\":true,\"dates\":true,\"emergencyContact\":true,\"availability\":true,\"assignedCoordinators\":true,\"conductCheckIn\":true,\"survey\":true,\"roles\":true,\"shiftHistory\":true},\"tills\":{\"open\":true,\"close\":true,\"processTransaction\":true,\"processDonations\":true,\"updateCategories\":true,\"exportTransactions\":true,\"updateSettings\":true,\"viewTill\":true,\"addTill\":true},\"users\":{\"add\":true,\"view\":true,\"update\":true,\"name\":true,\"email\":true,\"username\":true,\"workingGroups\":true},\"carbonAccounting\":{\"log\":true,\"settings\":true,\"export\":true},\"foodCollections\":{\"log\":true,\"review\":true,\"export\":true,\"addOrganisations\":true,\"viewOrganisations\":true,\"updateOrganisations\":true,\"deactivateOrganisations\":true},\"settings\":{\"staticContent\":true,\"emailTemplates\":true},\"volunteerHours\":{\"log\":true,\"review\":true,\"export\":true},\"volunteerRoles\":{\"view\":true,\"add\":true,\"update\":true,\"quickAdd\":\"commonWorkingGroup\"},\"workingGroups\":{\"add\":true,\"view\":true,\"update\":true}}');
INSERT INTO `data_permissions` VALUES ('staff','{\"members\":{\"add\":false,\"view\":true,\"update\":true,\"delete\":true,\"revokeMembership\":true,\"name\":true,\"membershipDates\":true,\"contactDetails\":true,\"transactionHistory\":true,\"workingGroups\":true,\"balance\":true,\"manageMembershipCard\":true,\"carbonSaved\":true},\"volunteers\":{\"add\":\"commonWorkingGroup\",\"view\":\"commonWorkingGroup\",\"update\":\"commonWorkingGroup\",\"invite\":\"commonWorkingGroup\",\"dates\":\"commonWorkingGroup\",\"emergencyContact\":\"commonWorkingGroup\",\"availability\":\"commonWorkingGroup\",\"assignedCoordinators\":\"commonWorkingGroup\",\"conductCheckIn\":\"commonWorkingGroup\",\"survey\":\"commonWorkingGroup\",\"roles\":\"commonWorkingGroup\",\"shiftHistory\":\"commonWorkingGroup\"},\"tills\":{\"open\":true,\"close\":true,\"processTransaction\":true,\"processDonations\":true,\"updateCategories\":true,\"exportTransactions\":true,\"updateSettings\":true,\"viewTill\":true,\"addTill\":true},\"users\":{\"add\":\"commonWorkingGroup\",\"view\":\"commonWorkingGroup\",\"update\":\"commonWorkingGroup\",\"name\":\"commonWorkingGroup\",\"email\":\"commonWorkingGroup\",\"username\":\"commonWorkingGroup\",\"workingGroups\":\"commonWorkingGroup\"},\"carbonAccounting\":{\"log\":\"commonWorkingGroup\",\"settings\":false,\"export\":\"commonWorkingGroup\"},\"foodCollections\":{\"log\":true,\"review\":true,\"export\":true,\"addOrganisations\":true,\"viewOrganisations\":true,\"updateOrganisations\":true,\"deactivateOrganisations\":true},\"settings\":{\"staticContent\":false,\"emailTemplates\":false},\"volunteerHours\":{\"log\":\"commonWorkingGroup\",\"review\":\"commonWorkingGroup\",\"export\":\"commonWorkingGroup\"},\"volunteerRoles\":{\"view\":\"commonWorkingGroup\",\"add\":\"commonWorkingGroup\",\"update\":\"commonWorkingGroup\"},\"workingGroups\":{\"add\":\"commonWorkingGroup\",\"view\":\"commonWorkingGroup\",\"update\":\"commonWorkingGroup\"}}');
INSERT INTO `data_permissions` VALUES ('till','{\"members\":{\"add\":true,\"view\":true,\"update\":true,\"delete\":false,\"revokeMembership\":false,\"name\":true,\"membershipDates\":true,\"contactDetails\":false,\"transactionHistory\":true,\"workingGroups\":false,\"balance\":true,\"manageMembershipCard\":true,\"carbonSaved\":true},\"volunteers\":{\"add\":false,\"view\":false,\"update\":false,\"invite\":false,\"dates\":false,\"emergencyContact\":false,\"availability\":false,\"assignedCoordinators\":false,\"conductCheckIn\":false,\"survey\":false,\"roles\":false,\"shiftHistory\":false},\"tills\":{\"open\":\"commonWorkingGroup\",\"close\":\"commonWorkingGroup\",\"processTransaction\":\"commonWorkingGroup\",\"processDonations\":\"commonWorkingGroup\",\"updateCategories\":false,\"exportTransactions\":false,\"updateSettings\":false,\"viewTill\":\"commonWorkingGroup\",\"addTill\":false},\"users\":{\"add\":false,\"view\":false,\"update\":false,\"name\":false,\"email\":false,\"username\":false,\"workingGroups\":false},\"carbonAccounting\":{\"log\":\"commonWorkingGroup\",\"settings\":false,\"export\":false},\"foodCollections\":{\"log\":false,\"review\":false,\"export\":false,\"addOrganisations\":false,\"viewOrganisations\":false,\"updateOrganisations\":false,\"deactivateOrganisations\":false},\"settings\":{\"staticContent\":false,\"emailTemplates\":false},\"volunteerHours\":{\"log\":true,\"review\":false,\"export\":false},\"volunteerRoles\":{\"view\":false,\"add\":false,\"update\":false},\"workingGroups\":{\"add\":false,\"view\":false,\"update\":false}}');
INSERT INTO `data_permissions` VALUES ('volunteer','{\"members\":{\"add\":false,\"view\":\"commonWorkingGroup\",\"update\":false,\"delete\":false,\"revokeMembership\":false,\"name\":\"commonWorkingGroup\",\"membershipDates\":\"commonWorkingGroup\",\"contactDetails\":\"commonWorkingGroup\",\"transactionHistory\":false,\"workingGroups\":\"commonWorkingGroup\",\"balance\":false,\"manageMembershipCard\":false,\"carbonSaved\":false},\"volunteers\":{\"add\":\"commonWorkingGroup\",\"view\":\"commonWorkingGroup\",\"update\":\"commonWorkingGroup\",\"invite\":\"commonWorkingGroup\",\"dates\":\"commonWorkingGroup\",\"emergencyContact\":\"commonWorkingGroup\",\"availability\":\"commonWorkingGroup\",\"assignedCoordinators\":\"commonWorkingGroup\",\"conductCheckIn\":\"commonWorkingGroup\",\"survey\":\"commonWorkingGroup\",\"roles\":\"commonWorkingGroup\",\"shiftHistory\":\"commonWorkingGroup\"},\"tills\":{\"open\":false,\"close\":false,\"processTransaction\":false,\"processDonations\":false,\"updateCategories\":false,\"exportTransactions\":false,\"updateSettings\":false,\"viewTill\":false,\"addTill\":false},\"users\":{\"add\":false,\"view\":false,\"update\":false,\"name\":false,\"email\":false,\"username\":false,\"workingGroups\":false},\"carbonAccounting\":{\"log\":\"commonWorkingGroup\",\"settings\":false,\"export\":false},\"foodCollections\":{\"log\":true,\"review\":false,\"export\":false,\"addOrganisations\":false,\"viewOrganisations\":false,\"updateOrganisations\":false,\"deactivateOrganisations\":false},\"settings\":{\"staticContent\":false,\"emailTemplates\":false},\"volunteerHours\":{\"log\":\"commonWorkingGroup\",\"review\":\"commonWorkingGroup\",\"export\":false},\"volunteerRoles\":{\"view\":\"commonWorkingGroup\",\"add\":false,\"update\":false},\"workingGroups\":{\"add\":false,\"view\":false,\"update\":false}}');
/*!40000 ALTER TABLE `data_permissions` ENABLE KEYS */;
UNLOCK TABLES;

--
-- Table structure for table `food_collections`
--

DROP TABLE IF EXISTS `food_collections`;
/*!40101 SET @saved_cs_client     = @@character_set_client */;
/*!40101 SET character_set_client = utf8 */;
CREATE TABLE `food_collections` (
  `transaction_id` varchar(15) NOT NULL,
  `member_id` varchar(11) NOT NULL,
  `organisation_id` varchar(15) NOT NULL,
  `timestamp` timestamp NOT NULL DEFAULT CURRENT_TIMESTAMP ON UPDATE CURRENT_TIMESTAMP,
  `amount` varchar(5) NOT NULL,
  `note` text,
  `approved` tinyint(4) DEFAULT NULL,
  PRIMARY KEY (`transaction_id`)
) ENGINE=InnoDB DEFAULT CHARSET=latin1;
/*!40101 SET character_set_client = @saved_cs_client */;

--
-- Dumping data for table `food_collections`
--

LOCK TABLES `food_collections` WRITE;
/*!40000 ALTER TABLE `food_collections` DISABLE KEYS */;
INSERT INTO `food_collections` VALUES ('-FaTmAeTYRaYEuH','71443108429','1234','2019-03-09 10:22:19','1',NULL,1);
INSERT INTO `food_collections` VALUES ('-VI-s9llTy6e7tS','71443108429','1234','2019-03-09 10:29:27','1','potatoes',1);
INSERT INTO `food_collections` VALUES ('2-wdfbTzxVXnOn_','94352189283','7ZT8ocL-yfrrmRX','2019-04-01 16:00:02','0.4','adsasdasd',1);
INSERT INTO `food_collections` VALUES ('3TqNZBSBjc3fgSX','14971713977','xyz','2019-03-25 09:59:55','10',NULL,1);
INSERT INTO `food_collections` VALUES ('5AU28cDcXhQXcHX','383039112','1234','2019-03-09 09:16:41','1',NULL,1);
INSERT INTO `food_collections` VALUES ('5iaJaLaUOnj_CWq','14004524227','7ZT8ocL-yfrrmRX','2019-04-01 22:52:24','10.3',NULL,1);
INSERT INTO `food_collections` VALUES ('6TdL8ryGOk4dIHN','71443108429','xyz','2019-03-09 10:23:51','1',NULL,1);
INSERT INTO `food_collections` VALUES ('6WSRkk9rqIf-852','383039112','1JbPgosDkzk9KOK','2019-03-25 08:26:06','5',NULL,1);
INSERT INTO `food_collections` VALUES ('a8StDEqfB2uppR6','383039112','1234','2019-03-09 10:05:53','1','A note',1);
INSERT INTO `food_collections` VALUES ('CzMazVQCCAIJnmR','383039112','1234','2019-03-09 10:25:47','0.5',NULL,0);
INSERT INTO `food_collections` VALUES ('DIimv3VTdEIIHaR','71443108429','1234','2019-03-09 10:25:49','1',NULL,0);
INSERT INTO `food_collections` VALUES ('doCUgKG9PxbrlXN','71443108429','1234','2019-03-09 10:29:42','1','potatoes',1);
INSERT INTO `food_collections` VALUES ('GQLCnPw0diUoNPu','71443108429','8JCMi9HW23ebVE_','2019-03-11 11:42:43','22','Cheese',1);
INSERT INTO `food_collections` VALUES ('GrhYRwd93IlY69l','91366022011','7ZT8ocL-yfrrmRX','2019-04-01 23:35:56','11',NULL,1);
INSERT INTO `food_collections` VALUES ('Iy1xUUd_mtOzsHN','71443108429','1234','2019-03-09 10:24:13','0.5',NULL,1);
INSERT INTO `food_collections` VALUES ('IYoUVE3xKgpk3Kz','71443108429','1234','2019-03-09 10:25:50','1',NULL,0);
INSERT INTO `food_collections` VALUES ('j1YYFYNHfKggaSc','383039112','7ZT8ocL-yfrrmRX','2019-04-01 23:50:06','11',NULL,1);
INSERT INTO `food_collections` VALUES ('k37143zSCbqF-hC','71443108429','xyz','2019-03-09 10:25:50','111',NULL,0);
INSERT INTO `food_collections` VALUES ('kMrMfACr962icgd','71443108429','1234','2019-03-09 10:25:50','1',NULL,0);
INSERT INTO `food_collections` VALUES ('KofCssoyJC0EBvY','383039112','bJxdgPIRBAp4o84','2019-03-20 13:14:34','1',NULL,1);
INSERT INTO `food_collections` VALUES ('Kpa4Fou8fpswB24','14971713977','7ZT8ocL-yfrrmRX','2019-04-02 15:39:26','1','Potatoes',1);
INSERT INTO `food_collections` VALUES ('kZdsKQV4HD2CtWo','71443108429','8JCMi9HW23ebVE_','2019-03-25 08:41:10','1',NULL,0);
INSERT INTO `food_collections` VALUES ('lB3bqZ-kYwlfXoO','383039112','1234','2019-03-09 10:25:51','1',NULL,0);
INSERT INTO `food_collections` VALUES ('LKgLrLy73NBU3nI','383039112','1234','2019-03-09 10:25:52','1',NULL,0);
INSERT INTO `food_collections` VALUES ('LSQ9f7kk8WOHRgh','14004524227','1234','2019-03-09 10:25:52','10.3',NULL,0);
INSERT INTO `food_collections` VALUES ('mUNuq7Cyv3bTV6X','71443108429','1234','2019-03-09 10:25:52','1',NULL,0);
INSERT INTO `food_collections` VALUES ('p9wD4A9KpHM9tEc','71443108429','7ZT8ocL-yfrrmRX','2019-04-01 22:52:06','1',NULL,1);
INSERT INTO `food_collections` VALUES ('PF3nsqx_vAP3Xyu','71443108429','1234','2019-03-09 10:24:19','2',NULL,1);
INSERT INTO `food_collections` VALUES ('rBZSr2Mm2NxOeIT','71443108429','1234','2019-03-09 10:24:23','11.4',NULL,1);
INSERT INTO `food_collections` VALUES ('SkG7JxWdMQw8-Oc','383039112','8JCMi9HW23ebVE_','2019-03-09 18:26:45','1432',NULL,1);
INSERT INTO `food_collections` VALUES ('tFs1XlEKg6TvpUA','71443108429','1234','2019-03-09 10:25:53','5',NULL,0);
INSERT INTO `food_collections` VALUES ('u4oTRYgqlIovEIj','22090875739','8JCMi9HW23ebVE_','2019-04-01 16:00:03','5',NULL,0);
INSERT INTO `food_collections` VALUES ('wBPIK68DudALITL','383039112','1234','2019-03-09 10:25:53','1',NULL,0);
INSERT INTO `food_collections` VALUES ('WjiQEEAWf_tu037','71443108429','1234','2019-03-09 10:25:54','10',NULL,1);
INSERT INTO `food_collections` VALUES ('x0An0OBA-b9wRcN','383039112','1234','2019-03-09 11:54:36','1',NULL,1);
INSERT INTO `food_collections` VALUES ('XpHKGjUGaaA8GpL','71443108429','1234','2019-03-09 10:25:55','1',NULL,1);
INSERT INTO `food_collections` VALUES ('XSNm-_xerKAzLgu','71443108429','1234','2019-03-25 08:41:09','5',NULL,1);
INSERT INTO `food_collections` VALUES ('yBicUQOUBs4tMrN','383039112','1234','2019-03-09 10:25:56','1',NULL,0);
/*!40000 ALTER TABLE `food_collections` ENABLE KEYS */;
UNLOCK TABLES;

--
-- Table structure for table `fs_organisations`
--

DROP TABLE IF EXISTS `fs_organisations`;
/*!40101 SET @saved_cs_client     = @@character_set_client */;
/*!40101 SET character_set_client = utf8 */;
CREATE TABLE `fs_organisations` (
  `organisation_id` varchar(15) NOT NULL,
  `name` varchar(50) NOT NULL,
  `dateCreated` timestamp NOT NULL DEFAULT CURRENT_TIMESTAMP ON UPDATE CURRENT_TIMESTAMP,
  `active` tinyint(4) NOT NULL DEFAULT '1',
  PRIMARY KEY (`organisation_id`)
) ENGINE=InnoDB DEFAULT CHARSET=latin1;
/*!40101 SET character_set_client = @saved_cs_client */;

--
-- Dumping data for table `fs_organisations`
--

LOCK TABLES `fs_organisations` WRITE;
/*!40000 ALTER TABLE `fs_organisations` DISABLE KEYS */;
INSERT INTO `fs_organisations` VALUES ('1234','Organisation 1','2019-03-25 08:29:49',0);
INSERT INTO `fs_organisations` VALUES ('1JbPgosDkzk9KOK','Forrest Cafe','2019-03-09 18:06:49',0);
INSERT INTO `fs_organisations` VALUES ('7ZT8ocL-yfrrmRX','Tesco','2019-03-25 10:30:05',1);
INSERT INTO `fs_organisations` VALUES ('8JCMi9HW23ebVE_','Forrest Cafe','2019-03-09 17:55:44',1);
INSERT INTO `fs_organisations` VALUES ('bJxdgPIRBAp4o84','Forrest Cafe','2019-03-09 16:10:40',1);
INSERT INTO `fs_organisations` VALUES ('xyz','Organisation 2','2019-03-09 10:54:13',1);
/*!40000 ALTER TABLE `fs_organisations` ENABLE KEYS */;
UNLOCK TABLES;

--
-- Table structure for table `global_settings`
--

DROP TABLE IF EXISTS `global_settings`;
/*!40101 SET @saved_cs_client     = @@character_set_client */;
/*!40101 SET character_set_client = utf8 */;
CREATE TABLE `global_settings` (
  `id` varchar(50) NOT NULL,
  `data` text NOT NULL,
  PRIMARY KEY (`id`)
) ENGINE=InnoDB DEFAULT CHARSET=latin1;
/*!40101 SET character_set_client = @saved_cs_client */;

--
-- Dumping data for table `global_settings`
--

LOCK TABLES `global_settings` WRITE;
/*!40000 ALTER TABLE `global_settings` DISABLE KEYS */;
INSERT INTO `global_settings` VALUES ('activities','{\"Administration/office work\":true,\"Events\":true,\"Adults\":true,\"Advice/Information giving\":true,\"Families\":true,\"Finance/Accounting\":true,\"Advocacy/Human Rights\":true,\"Health and social care\":true,\"Animals\":true,\"Heritage\":true,\"Art and culture: music, drama, crafts, galleries and museums\":true,\"Homeless and housing\":true,\"Befriending/Mentoring\":true,\"Kitchen/Catering\":true,\"Campaigning/Lobbying\":true,\"Languages/translating\":true,\"Care/Support work\":true,\"LGBT+\":true,\"Charity shops/Retail\":true,\"Management/Business\":true,\"Children\":true,\"Mental health\":true,\"Community\":true,\"Library/Information Management\":true,\"Computing/Technical\":true,\"Marketing/PR/Media\":true,\"Counselling\":true,\"Politics\":true,\"Disability\":true,\"Practical/DIY\":true,\"Education\":true,\"Research and policy work\":true,\"Domestic violence\":true,\"Sport and recreation\":true,\"Drugs and addiction\":true,\"Students\'Association\":true,\"Elderly\":true,\"Wheelchair accessible\":true,\"Driving/escorting\":true,\"Trustee and committee roles\":true,\"Environment/conservation/outdoors\":true,\"Tutoring\":true,\"Equality and Diversity\":true,\"Youth work\":true}');
INSERT INTO `global_settings` VALUES ('commitmentLengths','{\n  \"Fixed term\": true,\n  \"Ongoing\": true,\n  \"One off\": true,\n  \"Christmas\": true,\n  \"Summer\": true\n}');
INSERT INTO `global_settings` VALUES ('contactMethods','\n  {\"Email\": true,\n  \"Phone call\": true,\n  \"Text message\": true,\n  \"WhatsApp\": true,\n  \"Facebook Messenger\": true\n}');
INSERT INTO `global_settings` VALUES ('foodCollectionsGroup','{\"group_id\":\"WG-101-255\"}');
INSERT INTO `global_settings` VALUES ('locations','{\"At home\": true,\n  \"22 Bread Street\": true,\n  \"17 Guthrie Street\": true,\n  \"13 Guthrie Street\": true,\n  \"Out and about in Edinburgh\": true}\n');
INSERT INTO `global_settings` VALUES ('membershipBenefits','{\"title\":\"Membership Benefits\",\"markup\":\"\\r\\n                  \\r\\n                  \\r\\n                  <p class=\\\"mt-2\\\">As a member of SHRUB you\'re now part of our community, have an equal voice in the co-op and the right to take part in decision making!</p>\\r\\n  <p>You also get:</p>\\r\\n<ul><li>Access to swap at the swapshop!</li><li>Use of the freeshop!</li><li>Use of the food sharing hub!</li><li>Discounts at paid events and workshops!</li><li>Discount on bike parts at the Wee Spoke Hub!</li><li>Discounted booking of our lovely spaces for personal use!</li><li>Come to our members parties!</li></ul>\\r\\n              \\r\\n              \\r\\n              \"}');
INSERT INTO `global_settings` VALUES ('ourVision','{\"title\":\"Our Vision\",\"markup\":\"<p>SHRUB Swap & Reuse Hub is a community-led co-operative working for a world without waste.</p>\\n\\n            <h5 class=\\\"mt-3 mb-1\\\">Our Purpose (Aims & Objectives)</h5>\\n            <div class=\\\"container\\\">\\n              <ol>\\n\\n                <li>To provide a welcoming space for rethinking our relationship to waste, reducing consumption and developing effective use of resources</li>\\n\\n                <li>To support community empowerment in Edinburgh, learning and sharing skills to make a practical difference to the world we share</li>\\n\\n                <li>To deliver innovative waste prevention, creative reuse and repair practices in a living laboratory of Circular Economy</li>\\n              </ol>\\n            </div>\\n            <h5 class=\\\"mt-4 mb-1\\\">Our Values</h5>\\n            <div class=\\\"container\\\">\\n              <ul style=\\\"list-style-type: disc;\\\">\\n                <li>We value inclusivity and work with others to provide a welcoming community for all</li>\\n\\n                <li>We act with integrity and strive to be sustainable in everything we do</li>\\n\\n                <li>We live by co-operative values of self-help, self-responsibility, democracy, equality, equity and solidarity.</li>\\n              </ul>\\n            </div>\"}');
INSERT INTO `global_settings` VALUES ('passwordReset','true');
INSERT INTO `global_settings` VALUES ('privacyNotice','{\"title\":\"Privacy Notice\",\"markup\":\"<span id=\\\"docs-internal-guid-693474d3-7fff-8c8b-82d1-7a5533b77169\\\">\\r\\n   <p dir=\\\"ltr\\\" style=\\\"line-height:1.44;margin-top:0pt;margin-bottom:6pt;\\\"><span style=\\\"font-size: 12pt; font-family: &quot;Open Sans&quot;; color: rgb(38, 38, 38); background-color: transparent; font-weight: 700; font-variant-numeric: normal; font-variant-east-asian: normal; vertical-align: baseline; white-space: pre-wrap;\\\">SHRUB Coop </span><span style=\\\"font-size: 12pt; font-family: &quot;Open Sans&quot;; color: rgb(38, 38, 38); background-color: transparent; font-variant-numeric: normal; font-variant-east-asian: normal; vertical-align: baseline; white-space: pre-wrap;\\\">takes your privacy seriously. </span><span style=\\\"font-size: 12pt; font-family: &quot;Open Sans&quot;; color: rgb(0, 0, 0); background-color: transparent; font-variant-numeric: normal; font-variant-east-asian: normal; vertical-align: baseline; white-space: pre-wrap;\\\">We never pass your personal data to anyone else.</span></p>\\r\\n   <p dir=\\\"ltr\\\" style=\\\"line-height:1.44;margin-top:0pt;margin-bottom:3pt;\\\"><span style=\\\"font-size: 12pt; font-family: &quot;Open Sans&quot;; color: rgb(0, 0, 0); background-color: transparent; font-variant-numeric: normal; font-variant-east-asian: normal; vertical-align: baseline; white-space: pre-wrap;\\\">If you have any concerns, you have a right to:</span></p>\\r\\n   <p dir=\\\"ltr\\\" style=\\\"line-height:1.44;margin-top:0pt;margin-bottom:3pt;\\\"><span style=\\\"font-size: 12pt; font-family: &quot;Open Sans&quot;; color: rgb(0, 0, 0); background-color: transparent; font-variant-numeric: normal; font-variant-east-asian: normal; vertical-align: baseline; white-space: pre-wrap;\\\"><br></span></p>\\r\\n   <ul>\\r\\n      <li style=\\\"line-height: 1.44; margin-top: 0pt; margin-bottom: 3pt;\\\"><span style=\\\"background-color: transparent; color: rgb(38, 38, 38); font-family: &quot;Open Sans&quot;; font-size: 12pt; font-variant-numeric: normal; font-variant-east-asian: normal; vertical-align: baseline; white-space: pre-wrap;\\\">Request that we correct your personal data if you believe it is inaccurate/incomplete</span></li>\\r\\n      <li style=\\\"line-height: 1.44; margin-top: 0pt; margin-bottom: 3pt;\\\"><span style=\\\"background-color: transparent; color: rgb(38, 38, 38); font-family: &quot;Open Sans&quot;; font-size: 12pt; white-space: pre;\\\">Request that we delete your personal data</span></li>\\r\\n      <li style=\\\"line-height: 1.44; margin-top: 0pt; margin-bottom: 3pt;\\\"><span style=\\\"background-color: transparent; color: rgb(38, 38, 38); font-family: &quot;Open Sans&quot;; font-size: 12pt; white-space: pre;\\\">Change your communication preferences or restrict the processing of your personal data </span></li>\\r\\n   </ul>\\r\\n   <p style=\\\"list-style-type: disc; font-size: 12pt; font-family: &quot;Open Sans&quot;; color: rgb(38, 38, 38); background-color: transparent; font-variant-numeric: normal; font-variant-east-asian: normal; vertical-align: baseline; white-space: pre; margin-left: -3.85pt;\\\"></p>\\r\\n   <ul>\\r\\n      <li style=\\\"line-height: 1.44; margin-top: 0pt; margin-bottom: 6pt;\\\"><span style=\\\"font-size: 12pt; font-family: &quot;Open Sans&quot;; color: rgb(38, 38, 38); background-color: transparent; font-variant-numeric: normal; font-variant-east-asian: normal; vertical-align: baseline; white-space: pre-wrap;\\\">Access the personal data that we hold about you through a subject access request.\\r\\n         </span>\\r\\n      </li>\\r\\n   </ul>\\r\\n   <p dir=\\\"ltr\\\" style=\\\"line-height:1.44;margin-top:0pt;margin-bottom:6pt;\\\"><span style=\\\"font-size: 12pt; font-family: &quot;Open Sans&quot;; color: rgb(38, 38, 38); background-color: transparent; font-weight: 700; font-variant-numeric: normal; font-variant-east-asian: normal; vertical-align: baseline; white-space: pre-wrap;\\\">Please contact us at </span><a href=\\\"mailto:hello@shrubcoop.org\\\"><span style=\\\"font-size: 12pt; font-family: &quot;Open Sans&quot;; color: rgb(171, 12, 23); background-color: transparent; font-weight: 700; font-variant-numeric: normal; font-variant-east-asian: normal; text-decoration-line: underline; text-decoration-skip-ink: none; vertical-align: baseline; white-space: pre-wrap;\\\">hello@shrubcoop.org</span></a><span style=\\\"font-size: 12pt; font-family: &quot;Open Sans&quot;; color: rgb(0, 0, 0); background-color: transparent; font-weight: 700; font-variant-numeric: normal; font-variant-east-asian: normal; vertical-align: baseline; white-space: pre-wrap;\\\"> </span><span style=\\\"font-size: 12pt; font-family: &quot;Open Sans&quot;; color: rgb(38, 38, 38); background-color: transparent; font-weight: 700; font-variant-numeric: normal; font-variant-east-asian: normal; vertical-align: baseline; white-space: pre-wrap;\\\">for any of these purposes.</span></p>\\r\\n   <p dir=\\\"ltr\\\" style=\\\"line-height:1.44;margin-top:0pt;margin-bottom:6pt;\\\"><span style=\\\"font-size: 12pt; font-family: &quot;Open Sans&quot;; color: rgb(38, 38, 38); background-color: transparent; font-variant-numeric: normal; font-variant-east-asian: normal; vertical-align: baseline; white-space: pre-wrap;\\\">Under data protection legislation we are a controller of personal data you share with us. &nbsp;</span></p>\\r\\n   <p dir=\\\"ltr\\\" style=\\\"line-height:1.44;margin-top:0pt;margin-bottom:6pt;\\\"><span style=\\\"font-size: 12pt; font-family: &quot;Open Sans&quot;; color: rgb(38, 38, 38); background-color: transparent; font-variant-numeric: normal; font-variant-east-asian: normal; vertical-align: baseline; white-space: pre-wrap;\\\">This Privacy Policy provides notice on how and why we process your data and for how long we will keep your personal data, and where it is held. &nbsp;</span></p>\\r\\n   <br>\\r\\n   <p dir=\\\"ltr\\\" style=\\\"line-height:1.44;margin-top:0pt;margin-bottom:6pt;\\\"><span style=\\\"font-size: 12pt; font-family: &quot;Open Sans&quot;; color: rgb(0, 0, 0); background-color: transparent; font-variant-numeric: normal; font-variant-east-asian: normal; vertical-align: baseline; white-space: pre-wrap;\\\">We retain your data in different ways depending on the application: </span></p>\\r\\n   <br>\\r\\n   <ol style=\\\"margin-top:0pt;margin-bottom:0pt;\\\">\\r\\n<h2 dir=\\\"ltr\\\" style=\\\"line-height:1.44;margin-top:12pt;margin-bottom:3pt;\\\"><span style=\\\"font-size: 14pt; font-family: Dosis; color: rgb(171, 12, 23); background-color: transparent; font-weight: 600; font-variant-numeric: normal; font-variant-east-asian: normal; vertical-align: baseline; white-space: pre-wrap;\\\">1. SHRUB membership</span></h2>\\r\\n   </ol>\\r\\n   <p dir=\\\"ltr\\\" style=\\\"line-height:1.44;margin-top:0pt;margin-bottom:6pt;\\\"><span style=\\\"font-size: 12pt; font-family: &quot;Open Sans&quot;; color: rgb(0, 0, 0); background-color: transparent; font-weight: 700; font-variant-numeric: normal; font-variant-east-asian: normal; vertical-align: baseline; white-space: pre-wrap;\\\">What we do with your data: &nbsp;</span><span style=\\\"font-size: 12pt; font-family: &quot;Open Sans&quot;; color: rgb(0, 0, 0); background-color: transparent; font-variant-numeric: normal; font-variant-east-asian: normal; vertical-align: baseline; white-space: pre-wrap;\\\">We use your data to provide both group and individual membership services, including e-newsletters, communications regarding relevant collaborations, events, SHRUB Coop proposals, and decisions etc. </span></p>\\r\\n   <p dir=\\\"ltr\\\" style=\\\"line-height:1.44;margin-top:0pt;margin-bottom:6pt;\\\"><span style=\\\"font-size: 12pt; font-family: &quot;Open Sans&quot;; color: rgb(0, 0, 0); background-color: transparent; font-weight: 700; font-variant-numeric: normal; font-variant-east-asian: normal; vertical-align: baseline; white-space: pre-wrap;\\\">Data held: &nbsp;</span><span style=\\\"font-size: 12pt; font-family: &quot;Open Sans&quot;; color: rgb(0, 0, 0); background-color: transparent; font-variant-numeric: normal; font-variant-east-asian: normal; vertical-align: baseline; white-space: pre-wrap;\\\">Name, address, phone number, email, type of membership, working group, start and end of membership. </span></p>\\r\\n   <p dir=\\\"ltr\\\" style=\\\"line-height:1.44;margin-top:0pt;margin-bottom:6pt;\\\"><span style=\\\"font-size: 12pt; font-family: &quot;Open Sans&quot;; color: rgb(0, 0, 0); background-color: transparent; font-weight: 700; font-variant-numeric: normal; font-variant-east-asian: normal; vertical-align: baseline; white-space: pre-wrap;\\\">The legal basis for processing data: &nbsp;</span><span style=\\\"font-size: 12pt; font-family: &quot;Open Sans&quot;; color: rgb(0, 0, 0); background-color: transparent; font-variant-numeric: normal; font-variant-east-asian: normal; vertical-align: baseline; white-space: pre-wrap;\\\">Legitimate interest  as you have signed up. &nbsp;</span></p>\\r\\n   <p dir=\\\"ltr\\\" style=\\\"line-height:1.44;margin-top:0pt;margin-bottom:6pt;\\\"><span style=\\\"font-size: 12pt; font-family: &quot;Open Sans&quot;; color: rgb(0, 0, 0); background-color: transparent; font-weight: 700; font-variant-numeric: normal; font-variant-east-asian: normal; vertical-align: baseline; white-space: pre-wrap;\\\">Storage: &nbsp;</span><span style=\\\"font-size: 12pt; font-family: &quot;Open Sans&quot;; color: rgb(0, 0, 0); background-color: transparent; font-variant-numeric: normal; font-variant-east-asian: normal; vertical-align: baseline; white-space: pre-wrap;\\\">Data is held in a password-protected database. Email addresses are also held on our mailing list (MailChimp) to enable us to circulate newsletter to contacts. &nbsp;Contributors to subgroups may be held in small email discussion groups held on specific service provider where used with agreement of each individual  to facilitate active collaboration. We only ever ask for the minimum amount of data for the associated purpose and delete that data promptly once it is no longer required. The information is stored in and accessed through our membership database which is called Murakami.</span></p>\\r\\n   <p dir=\\\"ltr\\\" style=\\\"line-height:1.44;margin-top:0pt;margin-bottom:6pt;\\\"><span style=\\\"font-size: 12pt; font-family: &quot;Open Sans&quot;; color: rgb(0, 0, 0); background-color: transparent; font-weight: 700; font-variant-numeric: normal; font-variant-east-asian: normal; vertical-align: baseline; white-space: pre-wrap;\\\">Retention: &nbsp;</span><span style=\\\"font-size: 12pt; font-family: &quot;Open Sans&quot;; color: rgb(0, 0, 0); background-color: transparent; font-variant-numeric: normal; font-variant-east-asian: normal; vertical-align: baseline; white-space: pre-wrap;\\\">We keep your personal data only to provide you with membership services. We update or delete your data on request or on termination of membership. &nbsp;</span></p>\\r\\n   <br>\\r\\n   <p dir=\\\"ltr\\\" style=\\\"line-height:1.44;margin-top:0pt;margin-bottom:6pt;\\\"><span style=\\\"font-size: 14pt; font-family: Dosis; color: rgb(171, 12, 23); background-color: transparent; font-weight: 600; font-variant-numeric: normal; font-variant-east-asian: normal; vertical-align: baseline; white-space: pre-wrap;\\\">2. Volunteers</span></p>\\r\\n   <p dir=\\\"ltr\\\" style=\\\"line-height:1.44;margin-top:0pt;margin-bottom:6pt;\\\"><span style=\\\"font-size: 12pt; font-family: &quot;Open Sans&quot;; color: rgb(0, 0, 0); background-color: transparent; font-weight: 700; font-variant-numeric: normal; font-variant-east-asian: normal; vertical-align: baseline; white-space: pre-wrap;\\\">What we do with your data: &nbsp;</span><span style=\\\"font-size: 12pt; font-family: &quot;Open Sans&quot;; color: rgb(0, 0, 0); background-color: transparent; font-variant-numeric: normal; font-variant-east-asian: normal; vertical-align: baseline; white-space: pre-wrap;\\\">We use your data to provide both group and individual membership services, including e-newsletters, communications regarding relevant collaborations, events, SHRUB Coop proposals, and decisions etc. </span></p>\\r\\n   <p dir=\\\"ltr\\\" style=\\\"line-height:1.44;margin-top:0pt;margin-bottom:6pt;\\\"><span style=\\\"font-size: 12pt; font-family: &quot;Open Sans&quot;; color: rgb(0, 0, 0); background-color: transparent; font-weight: 700; font-variant-numeric: normal; font-variant-east-asian: normal; vertical-align: baseline; white-space: pre-wrap;\\\">Data held: </span><span style=\\\"font-size: 12pt; font-family: &quot;Open Sans&quot;; color: rgb(0, 0, 0); background-color: transparent; font-style: italic; font-variant-numeric: normal; font-variant-east-asian: normal; vertical-align: baseline; white-space: pre-wrap;\\\">If submitted</span><span style=\\\"font-size: 12pt; font-family: &quot;Open Sans&quot;; color: rgb(0, 0, 0); background-color: transparent; font-weight: 700; font-variant-numeric: normal; font-variant-east-asian: normal; vertical-align: baseline; white-space: pre-wrap;\\\"> </span><span style=\\\"font-size: 12pt; font-family: &quot;Open Sans&quot;; color: rgb(0, 0, 0); background-color: transparent; font-variant-numeric: normal; font-variant-east-asian: normal; vertical-align: baseline; white-space: pre-wrap;\\\">-</span><span style=\\\"font-size: 12pt; font-family: &quot;Open Sans&quot;; color: rgb(0, 0, 0); background-color: transparent; font-weight: 700; font-variant-numeric: normal; font-variant-east-asian: normal; vertical-align: baseline; white-space: pre-wrap;\\\"> </span><span style=\\\"font-size: 12pt; font-family: &quot;Open Sans&quot;; color: rgb(0, 0, 0); background-color: transparent; font-variant-numeric: normal; font-variant-east-asian: normal; vertical-align: baseline; white-space: pre-wrap;\\\">Name, address, phone number, email, volunteer status (how frequently the member volunteers), availability, volunteer roles, skills, hobbies and interest, relevant experience, relevant training, preferred method of communication, emergency contact (relation to volunteer, phone number), hours volunteered, working group</span></p>\\r\\n   <p dir=\\\"ltr\\\" style=\\\"line-height:1.44;margin-top:0pt;margin-bottom:6pt;\\\"><span style=\\\"font-size: 12pt; font-family: &quot;Open Sans&quot;; color: rgb(0, 0, 0); background-color: transparent; font-weight: 700; font-variant-numeric: normal; font-variant-east-asian: normal; vertical-align: baseline; white-space: pre-wrap;\\\">The legal basis for processing data: &nbsp;</span><span style=\\\"font-size: 12pt; font-family: &quot;Open Sans&quot;; color: rgb(0, 0, 0); background-color: transparent; font-variant-numeric: normal; font-variant-east-asian: normal; vertical-align: baseline; white-space: pre-wrap;\\\">Legitimate interest  as you have signed up. &nbsp;</span></p>\\r\\n   <p dir=\\\"ltr\\\" style=\\\"line-height:1.44;margin-top:0pt;margin-bottom:6pt;\\\"><span style=\\\"font-size: 12pt; font-family: &quot;Open Sans&quot;; color: rgb(0, 0, 0); background-color: transparent; font-weight: 700; font-variant-numeric: normal; font-variant-east-asian: normal; vertical-align: baseline; white-space: pre-wrap;\\\">Storage: &nbsp;</span><span style=\\\"font-size: 12pt; font-family: &quot;Open Sans&quot;; color: rgb(0, 0, 0); background-color: transparent; font-variant-numeric: normal; font-variant-east-asian: normal; vertical-align: baseline; white-space: pre-wrap;\\\">Data is held in a password-protected database. Email addresses are also held on our mailing list (MailChimp) to enable us to circulate newsletter to contacts. &nbsp;Contributors to subgroups may be held in small email discussion groups held on specific service provider where used with agreement of each individual  to facilitate active collaboration. We only ever ask for the minimum amount of data for the associated purpose and delete that data promptly once it is no longer required. The information is stored in and accessed through our membership database which is called Murakami.</span></p>\\r\\n   <p dir=\\\"ltr\\\" style=\\\"line-height:1.44;margin-top:0pt;margin-bottom:6pt;\\\"><span style=\\\"font-size: 12pt; font-family: &quot;Open Sans&quot;; color: rgb(0, 0, 0); background-color: transparent; font-weight: 700; font-variant-numeric: normal; font-variant-east-asian: normal; vertical-align: baseline; white-space: pre-wrap;\\\">Retention: &nbsp;</span><span style=\\\"font-size: 12pt; font-family: &quot;Open Sans&quot;; color: rgb(0, 0, 0); background-color: transparent; font-variant-numeric: normal; font-variant-east-asian: normal; vertical-align: baseline; white-space: pre-wrap;\\\">We keep your personal data necessary for your volunteer involvement with SHRUB Coop. We update or delete your data on request or on termination of membership. &nbsp;</span></p>\\r\\n   <br>\\r\\n   <p dir=\\\"ltr\\\" style=\\\"line-height:1.44;margin-top:0pt;margin-bottom:6pt;\\\"><span style=\\\"font-size: 14pt; font-family: Dosis; color: rgb(171, 12, 23); background-color: transparent; font-weight: 600; font-variant-numeric: normal; font-variant-east-asian: normal; vertical-align: baseline; white-space: pre-wrap;\\\">3. Mailing list subscribers</span></p>\\r\\n   <p dir=\\\"ltr\\\" style=\\\"line-height:1.44;margin-top:0pt;margin-bottom:6pt;\\\"><span style=\\\"font-size: 12pt; font-family: &quot;Open Sans&quot;; color: rgb(0, 0, 0); background-color: transparent; font-weight: 700; font-variant-numeric: normal; font-variant-east-asian: normal; vertical-align: baseline; white-space: pre-wrap;\\\">What we do with your data: &nbsp;</span><span style=\\\"font-size: 12pt; font-family: &quot;Open Sans&quot;; color: rgb(0, 0, 0); background-color: transparent; font-variant-numeric: normal; font-variant-east-asian: normal; vertical-align: baseline; white-space: pre-wrap;\\\">We send you an e-newsletter and other occasional mailings about relevant events or projects.</span></p>\\r\\n   <p dir=\\\"ltr\\\" style=\\\"line-height:1.44;margin-top:0pt;margin-bottom:6pt;\\\"><span style=\\\"font-size: 12pt; font-family: &quot;Open Sans&quot;; color: rgb(0, 0, 0); background-color: transparent; font-weight: 700; font-variant-numeric: normal; font-variant-east-asian: normal; vertical-align: baseline; white-space: pre-wrap;\\\">Data held: &nbsp;</span><span style=\\\"font-size: 12pt; font-family: &quot;Open Sans&quot;; color: rgb(0, 0, 0); background-color: transparent; font-variant-numeric: normal; font-variant-east-asian: normal; vertical-align: baseline; white-space: pre-wrap;\\\">First name, Last name, email, phone number.</span></p>\\r\\n   <p dir=\\\"ltr\\\" style=\\\"line-height:1.44;margin-top:0pt;margin-bottom:6pt;\\\"><span style=\\\"font-size: 12pt; font-family: &quot;Open Sans&quot;; color: rgb(0, 0, 0); background-color: transparent; font-weight: 700; font-variant-numeric: normal; font-variant-east-asian: normal; vertical-align: baseline; white-space: pre-wrap;\\\">The legal basis for processing data: &nbsp;</span><span style=\\\"font-size: 12pt; font-family: &quot;Open Sans&quot;; color: rgb(0, 0, 0); background-color: transparent; font-variant-numeric: normal; font-variant-east-asian: normal; vertical-align: baseline; white-space: pre-wrap;\\\">Legitimate interest  as you have signed up. &nbsp;</span></p>\\r\\n   <p dir=\\\"ltr\\\" style=\\\"line-height:1.44;margin-top:0pt;margin-bottom:6pt;\\\"><span style=\\\"font-size: 12pt; font-family: &quot;Open Sans&quot;; color: rgb(0, 0, 0); background-color: transparent; font-weight: 700; font-variant-numeric: normal; font-variant-east-asian: normal; vertical-align: baseline; white-space: pre-wrap;\\\">Storage: </span><span style=\\\"font-size: 12pt; font-family: &quot;Open Sans&quot;; color: rgb(0, 0, 0); background-color: transparent; font-variant-numeric: normal; font-variant-east-asian: normal; vertical-align: baseline; white-space: pre-wrap;\\\">Data is held on our newsletter list (MailChimp) with password protection. We only ever ask for the minimum amount of data for the associated purpose and delete that data promptly once it is no longer required.</span></p>\\r\\n   <p dir=\\\"ltr\\\" style=\\\"line-height:1.44;margin-top:0pt;margin-bottom:6pt;\\\"><span style=\\\"font-size: 12pt; font-family: &quot;Open Sans&quot;; color: rgb(0, 0, 0); background-color: transparent; font-weight: 700; font-variant-numeric: normal; font-variant-east-asian: normal; vertical-align: baseline; white-space: pre-wrap;\\\">Retention: &nbsp;</span><span style=\\\"font-size: 12pt; font-family: &quot;Open Sans&quot;; color: rgb(0, 0, 0); background-color: transparent; font-variant-numeric: normal; font-variant-east-asian: normal; vertical-align: baseline; white-space: pre-wrap;\\\">We will keep you on this mailing list until you request amendment or deletion. You can unsubscribe any time you want.</span></p>\\r\\n   <br>\\r\\n   <h2 dir=\\\"ltr\\\" style=\\\"line-height:1.44;margin-top:12pt;margin-bottom:3pt;\\\"><span style=\\\"font-size: 14pt; font-family: Dosis; color: rgb(171, 12, 23); background-color: transparent; font-weight: 600; font-variant-numeric: normal; font-variant-east-asian: normal; vertical-align: baseline; white-space: pre-wrap;\\\">4. Swapshop users</span></h2>\\r\\n   <p dir=\\\"ltr\\\" style=\\\"line-height:1.44;margin-top:0pt;margin-bottom:6pt;\\\"><span style=\\\"font-size: 12pt; font-family: &quot;Open Sans&quot;; color: rgb(0, 0, 0); background-color: transparent; font-weight: 700; font-variant-numeric: normal; font-variant-east-asian: normal; vertical-align: baseline; white-space: pre-wrap;\\\">What we do with your data: &nbsp;</span><span style=\\\"font-size: 12pt; font-family: &quot;Open Sans&quot;; color: rgb(0, 0, 0); background-color: transparent; font-variant-numeric: normal; font-variant-east-asian: normal; vertical-align: baseline; white-space: pre-wrap;\\\">We use your data for purposes of accountancy.</span></p>\\r\\n   <p dir=\\\"ltr\\\" style=\\\"line-height:1.44;margin-top:0pt;margin-bottom:6pt;\\\"><span style=\\\"font-size: 12pt; font-family: &quot;Open Sans&quot;; color: rgb(0, 0, 0); background-color: transparent; font-weight: 700; font-variant-numeric: normal; font-variant-east-asian: normal; vertical-align: baseline; white-space: pre-wrap;\\\">Data held: </span><span style=\\\"font-size: 12pt; font-family: &quot;Open Sans&quot;; color: rgb(0, 0, 0); background-color: transparent; font-variant-numeric: normal; font-variant-east-asian: normal; vertical-align: baseline; white-space: pre-wrap;\\\">Status, balance, transactions (date, amount, sub-total for each item category, the weight of items, an optional comment</span></p>\\r\\n   <p dir=\\\"ltr\\\" style=\\\"line-height:1.44;margin-top:0pt;margin-bottom:6pt;\\\"><span style=\\\"font-size: 12pt; font-family: &quot;Open Sans&quot;; color: rgb(0, 0, 0); background-color: transparent; font-weight: 700; font-variant-numeric: normal; font-variant-east-asian: normal; vertical-align: baseline; white-space: pre-wrap;\\\">The legal basis for processing data: &nbsp;</span><span style=\\\"font-size: 12pt; font-family: &quot;Open Sans&quot;; color: rgb(0, 0, 0); background-color: transparent; font-variant-numeric: normal; font-variant-east-asian: normal; vertical-align: baseline; white-space: pre-wrap;\\\">Accountancy, financial evaluation.</span></p>\\r\\n   <p dir=\\\"ltr\\\" style=\\\"line-height:1.44;margin-top:0pt;margin-bottom:6pt;\\\"><span style=\\\"font-size: 12pt; font-family: &quot;Open Sans&quot;; color: rgb(0, 0, 0); background-color: transparent; font-weight: 700; font-variant-numeric: normal; font-variant-east-asian: normal; vertical-align: baseline; white-space: pre-wrap;\\\">Storage: </span><span style=\\\"font-size: 12pt; font-family: &quot;Open Sans&quot;; color: rgb(0, 0, 0); background-color: transparent; font-variant-numeric: normal; font-variant-east-asian: normal; vertical-align: baseline; white-space: pre-wrap;\\\">The information is stored in and accessed through our membership database which is called Murakami. We only ever ask for the minimum amount of data for the associated purpose and delete that data promptly once it is no longer required.</span></p>\\r\\n   <p dir=\\\"ltr\\\" style=\\\"line-height:1.44;margin-top:0pt;margin-bottom:6pt;\\\"><span style=\\\"font-size: 12pt; font-family: &quot;Open Sans&quot;; color: rgb(0, 0, 0); background-color: transparent; font-weight: 700; font-variant-numeric: normal; font-variant-east-asian: normal; vertical-align: baseline; white-space: pre-wrap;\\\">Retention: </span><span style=\\\"font-size: 12pt; font-family: &quot;Open Sans&quot;; color: rgb(0, 0, 0); background-color: transparent; font-variant-numeric: normal; font-variant-east-asian: normal; vertical-align: baseline; white-space: pre-wrap;\\\">We update or delete your data on request.</span></p>\\r\\n   <br>\\r\\n   <h2 dir=\\\"ltr\\\" style=\\\"line-height:1.44;margin-top:12pt;margin-bottom:3pt;\\\"><span style=\\\"font-size: 14pt; font-family: Dosis; color: rgb(171, 12, 23); background-color: transparent; font-weight: 600; font-variant-numeric: normal; font-variant-east-asian: normal; vertical-align: baseline; white-space: pre-wrap;\\\">5. Website and social media visitors</span></h2>\\r\\n   <p dir=\\\"ltr\\\" style=\\\"line-height:1.44;margin-top:0pt;margin-bottom:6pt;\\\"><span style=\\\"font-size: 12pt; font-family: &quot;Open Sans&quot;; color: rgb(0, 0, 0); background-color: transparent; font-variant-numeric: normal; font-variant-east-asian: normal; vertical-align: baseline; white-space: pre-wrap;\\\">At the time of writing, we just use a Facebook, Instagram, or Twitter page as our way of sharing information about the group. Their servers hold links to those who Liked or Shared our pages, events etc. &nbsp;</span></p>\\r\\n   <p dir=\\\"ltr\\\" style=\\\"line-height:1.44;margin-top:0pt;margin-bottom:6pt;\\\"><span style=\\\"font-size: 12pt; font-family: &quot;Open Sans&quot;; color: rgb(0, 0, 0); background-color: transparent; font-variant-numeric: normal; font-variant-east-asian: normal; vertical-align: baseline; white-space: pre-wrap;\\\">Like most other organisations we might use Google Analytics on any website we establish. &nbsp;This records website visitors in the form of an advanced web server log. It archives:  </span></p>\\r\\n   <p dir=\\\"ltr\\\" style=\\\"line-height:1.44;margin-top:0pt;margin-bottom:6pt;\\\"><span style=\\\"font-size: 12pt; font-family: &quot;Open Sans&quot;; color: rgb(0, 0, 0); background-color: transparent; font-variant-numeric: normal; font-variant-east-asian: normal; vertical-align: baseline; white-space: pre-wrap;\\\"><br></span></p>\\r\\n   <p dir=\\\"ltr\\\" style=\\\"line-height:1.44;margin-top:0pt;margin-bottom:6pt;\\\"><span style=\\\"font-size: 12pt; font-family: &quot;Open Sans&quot;; color: rgb(0, 0, 0); background-color: transparent; font-variant-numeric: normal; font-variant-east-asian: normal; vertical-align: baseline; white-space: pre-wrap;\\\"> &nbsp;What website you came from; </span></p>\\r\\n   <p dir=\\\"ltr\\\" style=\\\"line-height:1.44;margin-top:0pt;margin-bottom:6pt;\\\"><span style=\\\"font-size: 12pt; font-family: &quot;Open Sans&quot;; color: rgb(0, 0, 0); background-color: transparent; font-variant-numeric: normal; font-variant-east-asian: normal; vertical-align: baseline; white-space: pre-wrap;\\\"> How long you stay for; and </span></p>\\r\\n   <p dir=\\\"ltr\\\" style=\\\"line-height:1.44;margin-top:0pt;margin-bottom:6pt;\\\"><span style=\\\"font-size: 12pt; font-family: &quot;Open Sans&quot;; color: rgb(0, 0, 0); background-color: transparent; font-variant-numeric: normal; font-variant-east-asian: normal; vertical-align: baseline; white-space: pre-wrap;\\\"> the kind of computer used. &nbsp;</span></p>\\r\\n   <p dir=\\\"ltr\\\" style=\\\"line-height:1.44;margin-top:0pt;margin-bottom:6pt;\\\"><span style=\\\"font-size: 12pt; font-family: &quot;Open Sans&quot;; color: rgb(0, 0, 0); background-color: transparent; font-variant-numeric: normal; font-variant-east-asian: normal; vertical-align: baseline; white-space: pre-wrap;\\\"><br></span></p>\\r\\n   <p dir=\\\"ltr\\\" style=\\\"line-height:1.44;margin-top:0pt;margin-bottom:6pt;\\\"><span style=\\\"font-size: 12pt; font-family: &quot;Open Sans&quot;; color: rgb(0, 0, 0); background-color: transparent; font-variant-numeric: normal; font-variant-east-asian: normal; vertical-align: baseline; white-space: pre-wrap;\\\">This helps us to understand the kind of people who come to our sites and what content theyre reading and enables us to make better decisions about web design and writing. &nbsp;</span></p>\\r\\n   <p dir=\\\"ltr\\\" style=\\\"line-height:1.44;margin-top:0pt;margin-bottom:6pt;\\\"><span style=\\\"font-size: 12pt; font-family: &quot;Open Sans&quot;; color: rgb(0, 0, 0); background-color: transparent; font-variant-numeric: normal; font-variant-east-asian: normal; vertical-align: baseline; white-space: pre-wrap;\\\">We occasionally compile aggregate statistics about numbers of site visitors and browsers being used. &nbsp;No personal data is included in this type of reporting and all this activity falls within the bounds of the&nbsp;</span><a href=\\\"http://www.google.com/analytics/tos.html\\\"><span style=\\\"font-size: 12pt; font-family: &quot;Open Sans&quot;; color: rgb(5, 99, 193); background-color: transparent; font-variant-numeric: normal; font-variant-east-asian: normal; text-decoration-line: underline; text-decoration-skip-ink: none; vertical-align: baseline; white-space: pre-wrap;\\\">Google Analytics Terms of Service</span></a><span style=\\\"font-size: 12pt; font-family: &quot;Open Sans&quot;; color: rgb(0, 0, 0); background-color: transparent; font-variant-numeric: normal; font-variant-east-asian: normal; vertical-align: baseline; white-space: pre-wrap;\\\">.</span></p>\\r\\n   <br>\\r\\n   <h2 dir=\\\"ltr\\\" style=\\\"line-height:1.44;margin-top:12pt;margin-bottom:3pt;\\\"><span style=\\\"font-size: 14pt; font-family: Dosis; color: rgb(171, 12, 23); background-color: transparent; font-weight: 600; font-variant-numeric: normal; font-variant-east-asian: normal; vertical-align: baseline; white-space: pre-wrap;\\\">Your rights</span></h2>\\r\\n   <p dir=\\\"ltr\\\" style=\\\"line-height:1.44;margin-top:0pt;margin-bottom:6pt;\\\"><span style=\\\"font-size: 12pt; font-family: &quot;Open Sans&quot;; color: rgb(38, 38, 38); background-color: transparent; font-variant-numeric: normal; font-variant-east-asian: normal; vertical-align: baseline; white-space: pre-wrap;\\\">If you have any concerns, which are not resolved by communicating with us, you can raise a complaint with the Information Commissioners Office at </span><a href=\\\"http://www.ico.org.uk\\\"><span style=\\\"font-size: 12pt; font-family: &quot;Open Sans&quot;; color: rgb(31, 78, 121); background-color: transparent; font-variant-numeric: normal; font-variant-east-asian: normal; text-decoration-line: underline; text-decoration-skip-ink: none; vertical-align: baseline; white-space: pre-wrap;\\\">www.ico.org.uk</span></a><span style=\\\"font-size: 12pt; font-family: &quot;Open Sans&quot;; color: rgb(31, 78, 121); background-color: transparent; font-variant-numeric: normal; font-variant-east-asian: normal; text-decoration-line: underline; text-decoration-skip-ink: none; vertical-align: baseline; white-space: pre-wrap;\\\">.</span></p>\\r\\n   <div><span style=\\\"font-size: 12pt; font-family: &quot;Open Sans&quot;; color: rgb(31, 78, 121); background-color: transparent; font-variant-numeric: normal; font-variant-east-asian: normal; text-decoration-line: underline; text-decoration-skip-ink: none; vertical-align: baseline; white-space: pre-wrap;\\\"><br></span></div>\\r\\n</span>\"}');
INSERT INTO `global_settings` VALUES ('saferSpacesPolicy','{\"title\":\"Safer Spaces Policy\",\"markup\":\"\\r\\n                  \\r\\n                  <p class=\\\"mt-2\\\">SHRUB aims to provide a safe environment, which is welcoming, engaging and supportive for everyone. By becoming a member, you agree to behave in accordance with this policy when at SHRUB, during SHRUB events, and through SHRUBs social media, emails or other messages with those involved with SHRUB!</p>\\r\\n\\r\\n            <p class=\\\"mt-2\\\">You will find a full verstion of the safer spaces policy in your welcome email, please take a look!</p>\\r\\n\\r\\n            <p class=\\\"mt-2\\\">You can also contact the welfare working group if you have any problems or require support: <a href=\\\"shrubwelfare@gmail.com\\\">shrubwelfare@gmail.com</a></p>\\r\\n              \\r\\n              \"}');
INSERT INTO `global_settings` VALUES ('volunteerAgreement','{\"title\":\"Volunteer Agreement\",\"markup\": \"<p>This agreement will act as a reminder of the support that SHRUB should offer you as a volunteer and the rights and responsibilities you have as a member of the SHRUB community.</p>\\n\\n            <p class=\\\"mt-2 mb-1\\\">The SHRUB has the responsibility:</p>\\n\\n            <div class=\\\"container\\\">\\n              <ul style=\\\"list-style-type: disc;\\\">\\n                <li>To provide adequate information and training so that you are able to meet the responsibilities of your volunteering role, (outlined in your Volunteer Role Description, or on agreement with your working group), this includes:</li>\\n                <div class=\\\"container\\\">\\n                  <ul style=\\\"list-style-type: disc;\\\">\\n                    <li>To support you throughout your time volunteering with SHRUB.</li>\\n                    <li>To assign you a named co-ordinator, who will act as a go-to-person for you.</li>\\n                    <li>To treat you with respect.</li>\\n                    <li>To be receptive to any comments and feedback from you and other volunteers.</li>\\n                    <li>To value and recognise your contribution as a volunteer.</li>\\n                  </ul>\\n                </div>\\n              </ul>\\n            </div>\\n\\n            <p class=\\\"mt-4 mb-1\\\">The Volunteer (you) has the responsibility:</p>\\n            <div class=\\\"container\\\">\\n              <ul style=\\\"list-style-type: disc;\\\">\\n                <li>To fulfil your role as outlined in your volunteer role description/by agreement with the working group.</li>\\n                <li>To follow SHRUBs policies and procedures.</li>\\n                <li>To meet time and task commitment and provide sufficient notice when not available to meet your responsibilities.</li>\\n                <li>To treat any sensitive personal or business information and data, you may have access to as part of your role, as confidential and in line with the Data Protection Act.</li>\\n                <li>To act in a way that is in line with the aims, objectives, and ethos of the SHRUB.</li>\\n                <div class=\\\"container\\\">\\n                  <p>This means when interacting with people in the SHRUB: Be respectful, be aware of your own prejudices, create calm, and strive for equality and diversity.</p>\\n                  <p>Sexism, racism, homophobia and other behaviours and language that belittle or insult other people will not be tolerated within our organisation. If somebody is acting in a way that you feel uncomfortable with, either point it out to them or talk to a member of staff or the Welfare Working group.</p>\\n                  <p>The SHRUB is an inclusive space!</p>\\n                </div>\\n              </ul>\\n            </div>\\n\\n            <p class=\\\"mt-3 mb-1\\\">The volunteer (you) has the right:</p>\\n            <div class=\\\"container\\\">\\n              <ul style=\\\"list-style-type: disc;\\\">\\n                <li>To participate in the decision making process of the SHRUB by attending open meetings (see shrub website for dates and times).</li>\\n                <li>To participate in your Working Group and any other that you wish to.</li>\\n              </ul>\\n            </div>\\n\\n            <p class=\\\"mt-2\\\">If you are unable to meet your responsibilities (outlined above) SHRUB may ask you to step back from your volunteering role.</p>\"}');
/*!40000 ALTER TABLE `global_settings` ENABLE KEYS */;
UNLOCK TABLES;

--
-- Table structure for table `login`
--

DROP TABLE IF EXISTS `login`;
/*!40101 SET @saved_cs_client     = @@character_set_client */;
/*!40101 SET character_set_client = utf8 */;
CREATE TABLE `login` (
  `id` varchar(11) NOT NULL,
  `username` varchar(20) NOT NULL,
  `first_name` varchar(50) NOT NULL,
  `last_name` varchar(50) NOT NULL,
  `email` varchar(100) NOT NULL,
  `password` varchar(255) NOT NULL,
  `class` varchar(25) NOT NULL,
  `working_groups` text,
  `notification_preferences` text,
  `created_at` datetime NOT NULL DEFAULT CURRENT_TIMESTAMP,
  `deactivated` tinyint(4) NOT NULL DEFAULT '0',
  PRIMARY KEY (`id`),
  UNIQUE KEY `id_2` (`id`,`username`,`email`),
  KEY `id` (`id`)
) ENGINE=InnoDB DEFAULT CHARSET=utf8;
/*!40101 SET character_set_client = @saved_cs_client */;

--
-- Dumping data for table `login`
--

LOCK TABLES `login` WRITE;
/*!40000 ALTER TABLE `login` DISABLE KEYS */;
INSERT INTO `login` VALUES ('01746918152','test.till','Test','Swapshop','hello@rosshudson.co.uk','$2a$10$UkUc6aLdn2cyWcGRWGcx.OeXupOiCbtvhavjdahu2RUE/WAmNZI1i','till','[\"WG-100\",\"WG-103\"]',NULL,'2018-05-24 23:02:28',0);
INSERT INTO `login` VALUES ('01746918155','test.staff','Test','Staff User','hello@rosshudson.co.uk','$2a$10$UkUc6aLdn2cyWcGRWGcx.OeXupOiCbtvhavjdahu2RUE/WAmNZI1i','staff','[\"WG-101\",\"WG-103\",\"WG-105\",\"WG-108\"]','{\"pending-volunteer-hours\":{\"email\":\"off\",\"murakami\":\"on\"},\"volunteers-need-to-volunteer\":{\"email\":\"off\",\"murakami\":\"on\"},\"unfinished-roles\":{\"email\":\"off\",\"murakami\":\"on\"}}','2018-05-24 23:02:28',0);
INSERT INTO `login` VALUES ('01746919992','test.admin','Test','Admin','rosshudson8@gmail.com','$2a$10$UkUc6aLdn2cyWcGRWGcx.OeXupOiCbtvhavjdahu2RUE/WAmNZI1i','admin','[\"WG-100\",\"WG-101\",\"WG-101-255\",\"WG-105\",\"WG-108\"]','{\"pending-volunteer-hours\":{\"email\":\"off\",\"murakami\":\"on\"},\"volunteers-need-to-volunteer\":{\"email\":\"off\",\"murakami\":\"on\"},\"unfinished-roles\":{\"email\":\"off\",\"murakami\":\"on\"}}','2018-05-24 23:02:28',0);
INSERT INTO `login` VALUES ('23103033636','asdasdasd','Ross','Hudson','rosshudson8@googlemail.come','$2a$10$UkUc6aLdn2cyWcGRWGcx.OeXupOiCbtvhavjdahu2RUE/WAmNZI1i','till','[\"WG-100\"]','{\"pending-volunteer-hours\":{\"email\":\"off\",\"murakami\":\"off\"},\"volunteers-need-to-volunteer\":{\"email\":\"off\",\"murakami\":\"on\"},\"unfinished-roles\":{\"email\":\"off\",\"murakami\":\"off\"}}','2019-04-02 12:26:51',0);
INSERT INTO `login` VALUES ('38276541588','asasddasdas','asd','dasdas','dassdadas@afda.com','$2a$10$DR8a2lvw8v8jYu6v5Q4zDOJR8Rof65Hf.dbUU23NPKC68BzSSfpSC','till','[\"WG-100\",\"WG-100-933\",\"WG-101\",\"WG-101-001\"]','{\"pending-volunteer-hours\":{\"email\":\"off\",\"murakami\":\"on\"},\"volunteers-need-to-volunteer\":{\"email\":\"off\",\"murakami\":\"off\"},\"unfinished-roles\":{\"email\":\"off\",\"murakami\":\"off\"}}','2019-04-22 14:09:56',0);
INSERT INTO `login` VALUES ('43695270550','test.volunteer','Ross','Hudson','volunter@rosshudson.co.uk','$2a$10$UkUc6aLdn2cyWcGRWGcx.OeXupOiCbtvhavjdahu2RUE/WAmNZI1i','volunteer','[\"WG-101\",\"WG-100\"]','{\"pending-volunteer-hours\":{\"email\":\"off\",\"murakami\":\"off\"},\"volunteers-need-to-volunteer\":{\"email\":\"off\",\"murakami\":\"off\"},\"unfinished-roles\":{\"email\":\"off\",\"murakami\":\"off\"}}','2019-03-25 16:30:56',0);
INSERT INTO `login` VALUES ('46517021271','hello.world','Test','McTest','hello@world.com','$2a$10$8XCfEW.IW958qk8xd6IfyeYkM6ib7zgw6kaNJiyEeNGfLvAH7S7Gq','till','[\"WG-100\",\"WG-100-933\",\"WG-101\"]',NULL,'2019-04-22 14:11:17',0);
INSERT INTO `login` VALUES ('59454288940','test.user','Test','User','rosshudson8@googlemail.com','$2a$10$UkUc6aLdn2cyWcGRWGcx.OeXupOiCbtvhavjdahu2RUE/WAmNZI1i','till','[\"WG-103\"]',NULL,'2018-12-12 22:28:03',0);
INSERT INTO `login` VALUES ('59538611331','test.test','SDBADSCVAD','ADJAHBCAJHDSB','test@test.net.uk','$2a$10$HcK5m06pA6Tt0tDLH9IL.ucIjXiFV/JMGrkuQm9aTHy/UAUf2R2Xy','till','[\"WG-100-933\",\"WG-101\"]','{\"pending-volunteer-hours\":{\"email\":\"off\",\"murakami\":\"on\"},\"volunteers-need-to-volunteer\":{\"email\":\"off\",\"murakami\":\"on\"},\"unfinished-roles\":{\"email\":\"off\",\"murakami\":\"on\"}}','2019-04-22 14:07:18',0);
INSERT INTO `login` VALUES ('59567465242','ross.hudson','Ross','Hudson','rosshudson8@grfmail.com','$2a$10$UkUc6aLdn2cyWcGRWGcx.OeXupOiCbtvhavjdahu2RUE/WAmNZI1i','volunteer','[\"WG-100\"]',NULL,'2019-01-22 14:26:36',0);
INSERT INTO `login` VALUES ('81125864606','test.vol','Test','Volunteer','vol@rosshudson.co.uk','$2a$10$UkUc6aLdn2cyWcGRWGcx.OeXupOiCbtvhavjdahu2RUE/WAmNZI1i','volunteer','[\"WG-103\"]',NULL,'2018-11-05 21:06:45',1);
INSERT INTO `login` VALUES ('98041570252','volunteer','Volunteer','McVolunteer','volunteer@rosshudson.co.uk','$2a$10$UkUc6aLdn2cyWcGRWGcx.OeXupOiCbtvhavjdahu2RUE/WAmNZI1i','volunteer','[\"WG-101-255\"]','{\"pending-volunteer-hours\":{\"email\":\"off\",\"murakami\":\"off\"},\"volunteers-need-to-volunteer\":{\"email\":\"off\",\"murakami\":\"off\"},\"unfinished-roles\":{\"email\":\"off\",\"murakami\":\"off\"}}','2019-03-25 16:12:08',0);
/*!40000 ALTER TABLE `login` ENABLE KEYS */;
UNLOCK TABLES;

--
-- Table structure for table `mail_templates`
--

DROP TABLE IF EXISTS `mail_templates`;
/*!40101 SET @saved_cs_client     = @@character_set_client */;
/*!40101 SET character_set_client = utf8 */;
CREATE TABLE `mail_templates` (
  `active` tinyint(4) NOT NULL DEFAULT '1',
  `mail_id` varchar(50) NOT NULL,
  `mail_desc` text NOT NULL,
  `subject` text,
  `markup` longtext NOT NULL,
  `plaintext` longtext NOT NULL,
  PRIMARY KEY (`mail_id`)
) ENGINE=InnoDB DEFAULT CHARSET=utf8;
/*!40101 SET character_set_client = @saved_cs_client */;

--
-- Dumping data for table `mail_templates`
--

LOCK TABLES `mail_templates` WRITE;
/*!40000 ALTER TABLE `mail_templates` DISABLE KEYS */;
INSERT INTO `mail_templates` VALUES (0,'active_volunteer_survey','Sent to volunteers every 3 months','Volunteer Survey','<p>Hey, |first_name|!</p><p>You\'ve been volunteering with Shrub for (another) 3 months. We\'d appreciate it if you took the time to fill out <a href=\"%7Cquarterly_survey%7C\" target=\"_blank\">this survey</a>!</p><p>From Shrub x</p>\n                \n                \n                \n                \n                ','Hey, |first_name|!\n\nYou\'ve been volunteering with Shrub for (another) 3 months. We\'d appreciate it if you took the time to fill out [this survey](|quarterly_survey|)!\n\nFrom Shrub x');
INSERT INTO `mail_templates` VALUES (1,'donation','Sent once a donation has been processed.','Swap Shop: New tokens have been added to your account!','<p>Hi |first_name|,</p><p>Our volunteers have processed the items you recently dropped off at the Swap Shop and&nbsp;<span style=\"font-weight: bolder;\">|tokens| tokens</span>&nbsp;have been added to your account</p><p>You now have a total of |balance| tokens in your account.</p><p><br></p><p><span style=\"font-weight: bolder;\">How do we value your stuff?</span></p><p>Our volunteers sort through your items to check their condition and value the items we\'re able to sell in the shop.</p><p>Unlike your ordinary charity shop, we give you back 25% of your item\'s value. This is added to your account in the form of tokens that you can spend at the Swap Shop where 1 token is worth 1.</p><p>We\'re open 12pm to 5pm, Wednesday, Thursday, Friday, Saturday.</p><p><br></p><p>Thank you!</p><p>The Swap Shop</p>','Hi |first_name|,\r\n\r\nOur volunteers have processed the items you recently dropped off at the Swap Shop and |tokens| tokens have been added to your account\r\n\r\nYou now have a total of |balance| tokens in your account.\r\n\r\nHow do we value your stuff?\r\n\r\nOur volunteers sort through your items to check their condition and value the items we\'re able to sell in the shop.\r\n\r\nUnlike your ordinary charity shop, we give you back 25% of your item\'s value. This is added to your account in the form of tokens that you can spend at the Swap Shop where 1 token is worth 1.\r\n\r\nWe\'re open 12pm to 5pm, Wednesday, Thursday, Friday, Saturday.\r\n\r\nThank you!\r\n\r\nThe Swap Shop');
INSERT INTO `mail_templates` VALUES (1,'footer','Added to the end of all emails to members',NULL,'<p>This is an automatically generated email</p><p><a href=\"https://murakami.org.uk/contact-preferences/|membership_id|\">Update your contact preferences</a></p>','');
INSERT INTO `mail_templates` VALUES (0,'free_membership_reminder','Sent 6 weeks after a free member last volunteered','Your Free Membership Will Expire!','<p><strong>Hey |first_name|!</strong></p><p>We see you haven\'t volunteered in a while :-(</p><p>Your free membership will expire if you don\'t volunteer by |exp_date|. If your schedule has changed and you can no longer volunteer at least once every 2 months, feel free to pop in and become a paid member. If you don\'t feel like staying a member, that\'s ok - you can continue your membership at anytime (we\'ll retain your information for 2 years after expiration)</p><p>From Shrub Co-op</p>','Hey |first_name|!\n\nWe see you haven\'t volunteered in a while :-(\n\nYour free membership will expire if you don\'t volunteer by |exp_date|. If your schedule has changed and you can no longer volunteer at least once every 2 months, feel free to pop in and become a paid member. If you don\'t feel like staying a member, that\'s ok - you can continue your membership at anytime (we\'ll retain your information for 2 years after expiration)\n\nFrom Shrub Co-op');
INSERT INTO `mail_templates` VALUES (1,'goodbye','Sent when membership expires','Your Membership Expired','<p>We\'re sorry to see you go, |first_name|</p>','We\'re sorry to see you go, |first_name|');
INSERT INTO `mail_templates` VALUES (1,'hello','Sent when new member signs up (non-volunteer)','Welcome to Shrub!','<p>Hey, |first_name|!</p><p>Thanks for joining Shrub.</p><p>Love Shrub Co-op</p>','Hey, |first_name|!\n\nThanks for joining Shrub.\n\nLove Shrub Co-op');
INSERT INTO `mail_templates` VALUES (0,'hello_volunteer','Sent when new member signs up (interested in volunteering)','','<p>Hey, |first_name|!</p><p>Thanks for joining Shrub. We noticed you said you\'d be interested in volunteering with us. We\'d really appreciate it if you could fill out <a href=\"|new_vol_survey|\" target=\"_blank\">this survery</a> to help us get to know you! The survey will expire a month today.</p><p>Love Shrub Co-op</p>\n                \n                \n                \n                ','Hey, |first_name|!\n\nThanks for joining Shrub. We noticed you said you\'d be interested in volunteering with us. We\'d really appreciate it if you could fill out [this survery](|new_vol_survey|) to help us get to know you! The survey will expire a month today.\n\nLove Shrub Co-op');
INSERT INTO `mail_templates` VALUES (1,'membership_id_reminder','Reminds members of their unique ID','Your Membership ID','<p>Hey |first_name|,</p><p>Your unique membership ID is: |membership_id|</p>','');
INSERT INTO `mail_templates` VALUES (0,'renewal_notice_long','Sent 1 month before membership expires','Membership Renewal Reminder','<p><strong>Hey |first_name|!</strong></p><p>We\'d like to take the chance to thank you for your support over the past 12 months. As a cooperative our members involvement is extremely important and very much appreciated.</p><p>We understand you\'re busy and just wanted to take this time to remind you that your membership will expire on <strong>|exp_date|</strong>.</p><p>If you\'re still deciding whether or not to renew, or just haven\'t gotten around to it yet, please consider the important role our members play in setting the agenda for and supporting SHRUB\'s vision of a world without waste.</p><p>We would also like to remind you of the benefits of your membership.</p><p>With a Shrub co-op membership, you can:</p><ul><li>Support our vision of a world without waste and our work to create a circular economy</li><li>Bring in stuff you don\'t need and get swap tokens added to your account</li><li>Spend the tokens when you want on things you do need  shop without money!</li><li>Get great free stuff in the Co-op Members\' Freeshop</li><li>Join co-op meetings and have a say in how the Shrub develops</li><li>Be part of an active community of change-makers</li><li>Member only monthly parties!</li></ul><p>We hope that you\'ll take this time to renew your membership and remain a part of our community. It couldn\'t be easier - just <a href=\"https://www.shrubcoop.org/become-a-member/\" target=\"_blank\">click here</a> to renew!</p><p>Kind regards,</p><p>Shrub Co-op</p>','Hey |first_name|!\n\nWe\'d like to take the chance to thank you for your support over the past 12 months. As a cooperative our members involvement is extremely important and very much appreciated.\n\nWe understand you\'re busy and just wanted to take this time to remind you that your membership will expire on |exp_date|.\n\nIf you\'re still deciding whether or not to renew, or just haven\'t gotten around to it yet, please consider the important role our members play in setting the agenda for and supporting SHRUB\'s vision of a world without waste.\n\nWe would also like to remind you of the benefits of your membership.\n\nWith a Shrub co-op membership, you can:\n\n- Support our vision of a world without waste and our work to create a circular economy\n- Bring in stuff you don\'t need and get swap tokens added to your account\n- Spend the tokens when you want on things you do need  shop without money!\n- Get great free stuff in the Co-op Members\' Freeshop\n- Join co-op meetings and have a say in how the Shrub develops\n- Be part of an active community of change-makers\n- Member only monthly parties!\n\nWe hope that you\'ll take this time to renew your membership and remain a part of our community. It couldn\'t be easier - just [click here](https://www.shrubcoop.org/become-a-member/) to renew!\n\nKind regards,\n\nShrub Co-op');
INSERT INTO `mail_templates` VALUES (0,'renewal_notice_short','Sent 1 week before membership expires','Membership Renewal Reminder','<p><strong>Hey |first_name|!</strong></p><p>We\'d like to take the chance to thank you for your support over the past 12 months. As a cooperative our members involvement is extremely important and very much appreciated.</p><p>We understand you\'re busy and just wanted to take this time to remind you that your membership will expire in one week\'s time (<strong>|exp_date|</strong>).</p><p>If you\'re still deciding whether or not to renew, or just haven\'t gotten around to it yet, please consider the important role our members play in setting the agenda for and supporting SHRUB\'s vision of a world without waste.</p><p>We would also like to remind you of the benefits of your membership.</p><p>With a Shrub co-op membership, you can:</p><ul><li>Support our vision of a world without waste and our work to create a circular economy</li><li>Bring in stuff you don\'t need and get swap tokens added to your account</li><li>Spend the tokens when you want on things you do need - shop without money!</li><li>Get great free stuff in the Co-op Members\' Freeshop</li><li>Join co-op meetings and have a say in how the Shrub develops</li><li>Be part of an active community of change-makers</li><li>Member only monthly parties!</li></ul><p>We hope that you\'ll take this time to renew your membership and remain a part of our community. It couldn\'t be easier - just <a href=\"https://www.shrubcoop.org/become-a-member/\" target=\"_blank\">click here</a> to renew!</p><p>Kind regards,</p><p>Shrub Co-op</p>','Hey |first_name|!\n\nWe\'d like to take the chance to thank you for your support over the past 12 months. As a cooperative our members involvement is extremely important and very much appreciated.\n\nWe understand you\'re busy and just wanted to take this time to remind you that your membership will expire in one week\'s time (|exp_date|).\n\nIf you\'re still deciding whether or not to renew, or just haven\'t gotten around to it yet, please consider the important role our members play in setting the agenda for and supporting SHRUB\'s vision of a world without waste.\n\nWe would also like to remind you of the benefits of your membership.\n\nWith a Shrub co-op membership, you can:\n\n- Support our vision of a world without waste and our work to create a circular economy\n- Bring in stuff you don\'t need and get swap tokens added to your account\n- Spend the tokens when you want on things you do need - shop without money!\n- Get great free stuff in the Co-op Members\' Freeshop\n- Join co-op meetings and have a say in how the Shrub develops\n- Be part of an active community of change-makers\n- Member only monthly parties!\n\nWe hope that you\'ll take this time to renew your membership and remain a part of our community. It couldn\'t be easier - just [click here](https://www.shrubcoop.org/become-a-member/) to renew!\n\nKind regards,\n\nShrub Co-op');
INSERT INTO `mail_templates` VALUES (0,'renewed','Sent when member renews their membership','You Renewed Your Membership!','<p>Hey, |first_name|!</p><p>Thanks for renewing your membership with us!</p><p>Shrub Co-op</p>','Hey, |first_name|!\n\nThanks for renewing your membership with us!\n\nShrub Co-op');
INSERT INTO `mail_templates` VALUES (1,'welcome_volunteer','Sent when volunteer signs up.','Welcome to your new volunteer role','<p>Hey,<br><br>Thanks for becoming a volunteer with Shrub Co-op blah blah blah</p><p><br></p><p>General volunteer stuff, warm welcomes etc. etc.</p><p><br></p><p>|wg_summary|</p><p><br></p><p><b>Your Roles</b><br>|roles|</p><p><br></p><p>Regards,<br>Shrub Coop</p>','');
/*!40000 ALTER TABLE `mail_templates` ENABLE KEYS */;
UNLOCK TABLES;

--
-- Table structure for table `members`
--

DROP TABLE IF EXISTS `members`;
/*!40101 SET @saved_cs_client     = @@character_set_client */;
/*!40101 SET character_set_client = utf8 */;
CREATE TABLE `members` (
  `member_id` varchar(11) NOT NULL,
  `barcode` varchar(15) DEFAULT NULL,
  `first_name` varchar(20) NOT NULL,
  `last_name` varchar(30) NOT NULL,
  `email` varchar(89) NOT NULL,
  `phone_no` varchar(15) NOT NULL,
  `address` text NOT NULL,
  `is_member` tinyint(1) NOT NULL,
  `free` tinyint(1) NOT NULL,
  `working_groups` text,
  `contactPreferences` text,
  `balance` int(10) NOT NULL,
  `earliest_membership_date` date NOT NULL,
  `current_init_membership` date NOT NULL,
  `current_exp_membership` date NOT NULL,
  PRIMARY KEY (`member_id`),
  UNIQUE KEY `barcode` (`barcode`)
) ENGINE=InnoDB DEFAULT CHARSET=latin1;
/*!40101 SET character_set_client = @saved_cs_client */;

--
-- Dumping data for table `members`
--

LOCK TABLES `members` WRITE;
/*!40000 ALTER TABLE `members` DISABLE KEYS */;
INSERT INTO `members` VALUES ('12849542116','000000002','Ross','Hudson','rosshudson8@googlemaile.com','','',1,1,'','{\"volunteeringOpportunities\":true,\"donations\":true}',58,'2018-09-04','2019-04-01','2019-06-01');
INSERT INTO `members` VALUES ('14004524227',NULL,'Ross','Hudson','rosshudson8@googlemail.com','7745311065','',1,1,'[]',NULL,1,'2019-01-28','2019-04-01','2019-06-01');
INSERT INTO `members` VALUES ('14971713977',NULL,'Ross','Hudson','rosshudson8@googlemail.com','7745311065','',1,1,'[]',NULL,1,'2019-01-28','2019-04-02','2019-06-02');
INSERT INTO `members` VALUES ('16456573405',NULL,'Potato','Jackson','jackson@potato.com','','',1,0,NULL,NULL,1,'2019-04-27','2019-04-27','2019-07-27');
INSERT INTO `members` VALUES ('16695049487',NULL,'Ross','Hudson','rosshudson8@googlemail.com','','23 Ross Way',0,0,'[]',NULL,10,'2018-07-20','2018-11-05','2019-05-05');
INSERT INTO `members` VALUES ('18877294603',NULL,'Ross','Hudson','rosshudson8@googlemail.com','7745311065','23 Ross Way',1,0,'[]',NULL,1,'2019-01-28','2019-02-13','2019-04-13');
INSERT INTO `members` VALUES ('20806453336',NULL,'Ross','Hudson','hello@rosshudson.co.uk','7745311065','23 Ross Way',0,0,'[]',NULL,0,'2019-01-08','2019-01-08','2019-04-08');
INSERT INTO `members` VALUES ('21166729709',NULL,'Ross','Hudson','hello@rosshudson.co.uk','7745311065','',1,0,'[]',NULL,1,'2019-01-15','2019-01-15','2019-04-15');
INSERT INTO `members` VALUES ('22090875739',NULL,'Ross','Hudson','potato@rosshudson.co.uk','7745311065','',1,0,'[]',NULL,0,'2019-01-08','2019-01-08','2020-01-08');
INSERT INTO `members` VALUES ('22581214864',NULL,'Ross','Hudson','hello@rosshudson.co.uk','7745311065','23 Ross Way',1,1,NULL,NULL,5,'2019-01-08','2019-02-14','2019-04-14');
INSERT INTO `members` VALUES ('23015296025','1','Test','Test','rosshudson8@googlemail.com','7745311065','23 Ross Way',1,0,NULL,NULL,5,'2019-04-08','2019-04-23','2020-04-23');
INSERT INTO `members` VALUES ('25561861829',NULL,'[redacted]','[redacted]','[redacted]','[redacted]','[redacted]',0,0,'[]',NULL,1,'2019-02-26','2019-02-26','2019-05-26');
INSERT INTO `members` VALUES ('25582342024',NULL,'Ross','Hudson','rosshudson8@googlemail.com','7745311065','23 Ross Way',0,0,'[]',NULL,5,'2018-11-14','2018-11-14','2019-11-14');
INSERT INTO `members` VALUES ('29036707394',NULL,'Ross','Hudson','rosshudson8@googlemail.com','','',1,1,'[]',NULL,0,'2018-07-19','2019-03-07','2019-05-07');
INSERT INTO `members` VALUES ('29519950061',NULL,'Ross','Hudson','rosshudson8@googlemail.com','7745311065','23 Ross Way',1,0,NULL,NULL,1,'2019-02-28','2019-02-28','2019-05-28');
INSERT INTO `members` VALUES ('29729623482',NULL,'Test','Test','rosshudson8@googlemail.com','7745311065','23 Ross Way',1,0,NULL,NULL,1,'2019-02-11','2019-02-11','2019-05-11');
INSERT INTO `members` VALUES ('30073129901',NULL,'Ross','Hudson','hello@rosshudson.co.uk','7745311065','23 Ross Way',0,0,NULL,NULL,0,'2019-01-14','2019-01-14','2020-01-14');
INSERT INTO `members` VALUES ('30947926395',NULL,'test','test','test@test.com','','',1,0,NULL,NULL,5,'2019-04-23','2019-04-23','2020-04-23');
INSERT INTO `members` VALUES ('32518288323',NULL,'Ross','Hudson','rosshudson8@googlemail.com','','23 Ross Way',0,0,'[]',NULL,5,'2018-09-18','2018-09-18','2019-09-18');
INSERT INTO `members` VALUES ('34107775270',NULL,'[redacted]','[redacted]','[redacted]','[redacted]','[redacted]',0,0,'[]',NULL,1,'2019-02-26','2019-02-26','2019-05-26');
INSERT INTO `members` VALUES ('35830015576',NULL,'Test','Test','rosshudson8@googlemail.com','7745311065','23 Ross Way',1,0,NULL,NULL,1,'2019-02-28','2019-02-28','2019-05-28');
INSERT INTO `members` VALUES ('37635736393','123','John','Poo','potato@potato.net','asdasd','asdasdasd',1,0,NULL,NULL,1,'2019-04-01','2019-04-01','2019-07-01');
INSERT INTO `members` VALUES ('38197511713',NULL,'Ross','Hudson','rosshudson8@googlemail.com','7745311065','23 Ross Way',0,0,'[]',NULL,5,'2018-11-14','2018-11-14','2019-11-14');
INSERT INTO `members` VALUES ('383039112','0000010101','Ross','Hudson','rosshudson8@googlemail.com','7745311065','',1,1,'[]',NULL,1109,'2017-11-30','2019-04-23','2019-06-23');
INSERT INTO `members` VALUES ('38861429946',NULL,'Ross','Hudson','rosshudson8@googlemail.com','7745311065','23 Ross Way',0,0,'[]',NULL,5,'2018-12-11','2018-12-11','2019-12-11');
INSERT INTO `members` VALUES ('39363380328',NULL,'Ross','Hudson','rosshudson8@googlemail.com','7745311065','23 Ross Way',0,0,NULL,NULL,0,'2019-01-18','2019-01-18','2019-04-18');
INSERT INTO `members` VALUES ('40471383077',NULL,'Ross','Hudson','rosshudson8@googlemail.com','+447745311065','23 Ross Way',0,0,'[]',NULL,5,'2018-09-18','2018-09-18','2019-09-18');
INSERT INTO `members` VALUES ('44277364461',NULL,'Ross','Hudson','rosshudson8@googlemail.com','7745311065','23 Ross Way',1,0,NULL,NULL,5,'2019-02-27','2019-02-27','2020-02-27');
INSERT INTO `members` VALUES ('44352444131',NULL,'Ross','Hudson','rosshudson8@googlemail.com','','23 Ross Way',1,0,'[]',NULL,5,'2018-09-18','2018-09-18','2019-09-18');
INSERT INTO `members` VALUES ('44708358083',NULL,'Ross','Hudson','rosshudson8@googlemail.com','','23 Ross Way',1,0,'[]',NULL,5,'2018-07-19','2018-07-19','2019-07-19');
INSERT INTO `members` VALUES ('45032457340','120','Brian','Wilson','brian@wilson.net','123345','',1,0,NULL,NULL,5,'2019-04-23','2019-04-23','2020-04-23');
INSERT INTO `members` VALUES ('46352657995',NULL,'Ross','Hudson','rosshudson8@googlemail.com','7745311065','23 Ross Way',0,0,'[]',NULL,5,'2018-11-14','2018-11-14','2019-11-14');
INSERT INTO `members` VALUES ('46650548507',NULL,'Ross','Hudson','rosshudson8@googlemail.com','','23 ROSS WAY',0,0,'[]',NULL,5,'2018-07-16','2018-07-16','2019-07-16');
INSERT INTO `members` VALUES ('47161837226',NULL,'Test','Test','hello@rosshudssdsdsdsdon.co.uk','7745311065','23\r\nROSS WAY',1,0,NULL,NULL,1,'2019-04-24','2019-04-24','2019-07-24');
INSERT INTO `members` VALUES ('49369844270',NULL,'Ross','Hudson','rosshudson8@googlemail.com','','',1,0,NULL,NULL,0,'2018-07-19','2018-07-19','2019-07-19');
INSERT INTO `members` VALUES ('49685329506',NULL,'Ross','Hudson','rosshudson8@googlemail.com','','23 Ross Way',0,0,'[]',NULL,5,'2018-09-18','2018-09-18','2019-09-18');
INSERT INTO `members` VALUES ('50331522811',NULL,'Ross','Hudson','rosshudson8@googlemail.com','','23 ROSS WAY',0,0,'[]',NULL,5,'2018-07-16','2018-07-16','2019-07-16');
INSERT INTO `members` VALUES ('50375157462',NULL,'Ross','Hudson','rosshudson8@googlemail.com','7745311065','23 Ross Way,\r\nLivingston',0,0,NULL,NULL,5,'2018-12-07','2018-12-07','2019-12-07');
INSERT INTO `members` VALUES ('50889606018',NULL,'Ross','Hudson','rosshudson8@googlemail.com','7745311065','23 Ross Way',0,0,'[]',NULL,0,'2018-11-14','2018-11-14','2019-11-14');
INSERT INTO `members` VALUES ('52530681888',NULL,'Ross','Hudson','rosshudson8@googlemail.com','7745311065','23 Ross Way',0,0,NULL,NULL,5,'2018-12-11','2018-12-11','2019-12-11');
INSERT INTO `members` VALUES ('53116130797',NULL,'Ross','Hudson','hello@rosshudson.co.uk','7745311065','23 Ross Way',0,0,NULL,NULL,0,'2019-01-08','2019-01-08','2019-04-08');
INSERT INTO `members` VALUES ('53160302702',NULL,'[redacted]','[redacted]','[redacted]','[redacted]','[redacted]',0,0,'[]',NULL,1,'2019-02-26','2019-02-26','2019-05-26');
INSERT INTO `members` VALUES ('53715783002',NULL,'Ross','Hudson','rosshudson8@googlemail.com','7745311065','23 Ross Way',0,0,NULL,NULL,5,'2019-01-18','2019-01-18','2020-01-18');
INSERT INTO `members` VALUES ('54226980195',NULL,'Ross','Hudson','rosshudson8@googlemail.com','','23 Ross Way',0,0,'[]',NULL,5,'2018-09-18','2018-09-18','2019-09-18');
INSERT INTO `members` VALUES ('54632028113',NULL,'Test','Volunteer','rosshudson8@googlemail.com','7745311065','23 Ross Way',1,0,NULL,NULL,1,'2019-02-26','2019-02-26','2019-05-26');
INSERT INTO `members` VALUES ('55679931561',NULL,'sdfsdf','dfsdfsdf','sdfsd@sdfsdfsdfsd.com','sasdfsdf','sdfsdfdf',1,0,'[]',NULL,1,'2019-01-30','2019-01-30','2019-04-30');
INSERT INTO `members` VALUES ('59408595423',NULL,'Ross','Hudson','rosshudson8@googlemail.com','','23 Ross Way',0,0,'[]',NULL,0,'2018-09-06','2018-09-06','2019-09-06');
INSERT INTO `members` VALUES ('59514086149',NULL,'Test','Test','hello@rosshudson.co.uk','7745311065','23\r\nROSS WAY',1,0,NULL,NULL,1,'2019-04-24','2019-04-24','2019-07-24');
INSERT INTO `members` VALUES ('59843861392',NULL,'Ross','Hudson','hello@rosshudson.co.uk','7745311065','23 Ross Way',0,0,NULL,NULL,0,'2019-01-08','2019-01-08','2019-04-08');
INSERT INTO `members` VALUES ('60853501100',NULL,'Ross','Hudson','hello@rosshudson.co.uk','7745311065','23 Ross Way',1,0,'[]',NULL,1,'2019-01-15','2019-01-15','2019-04-15');
INSERT INTO `members` VALUES ('61139437179','000000001','adfadsf','sdfsdf','sdfsdf@sdfsdfsf.com','asdasd','',1,0,NULL,NULL,1,'2019-04-02','2019-07-03','2019-07-31');
INSERT INTO `members` VALUES ('62420918053',NULL,'Someone','McSomething','god@only.knows','','',1,0,NULL,NULL,1,'2019-04-01','2019-04-01','2019-07-01');
INSERT INTO `members` VALUES ('63335220204',NULL,'Ross','Hudson','rosshudson8@googlemail.com','7745311065','23 Ross Way',0,0,NULL,'{\"volunteeringOpportunities\":true,\"donations\":null}',5,'2019-01-22','2019-01-22','2020-01-22');
INSERT INTO `members` VALUES ('64548223114',NULL,'[redacted]','[redacted]','[redacted]','[redacted]','[redacted]',0,0,'[]',NULL,1,'2019-02-28','2019-02-28','2019-05-28');
INSERT INTO `members` VALUES ('67443160507',NULL,'Ross','Hudson','hello@rosshudson.co.uk','7745311065','23 Ross Way',0,0,NULL,NULL,5,'2019-01-08','2019-01-08','2020-01-08');
INSERT INTO `members` VALUES ('67689669648',NULL,'Ross','Hudson','rosshudson8@googlemail.com','','',1,0,'[]',NULL,5,'2018-07-19','2018-07-19','2019-07-19');
INSERT INTO `members` VALUES ('68195475320',NULL,'Ross','Hudson','rosshudson8@googlemail.com','7745311065','23 Ross Way',0,0,NULL,NULL,0,'2018-12-07','2018-12-07','2019-12-07');
INSERT INTO `members` VALUES ('68197998737',NULL,'Ross','Hudson','ewecownconwcwnec@scsidcksc.com','','',1,0,NULL,NULL,1,'2019-04-01','2019-04-01','2019-07-01');
INSERT INTO `members` VALUES ('68302782691',NULL,'Mike','Love','mike@unleashthelove.com','','',1,0,'[]',NULL,5,'2019-04-23','2019-04-23','2020-04-23');
INSERT INTO `members` VALUES ('69125667686',NULL,'Ross','Hudson','hello@rosshudson.co.uk','7745311065','',1,1,'[]',NULL,0,'2019-01-08','2019-02-19','2019-04-19');
INSERT INTO `members` VALUES ('69995144570',NULL,'Ross','Hudson','hello@rosshudson.co.uk','7745311065','23 Ross Way',1,0,NULL,NULL,0,'2019-01-08','2019-01-08','9999-01-01');
INSERT INTO `members` VALUES ('71443108429',NULL,'Lifetime','Member','hello@rosshudson.co.uk','7745311065','',1,0,'[]',NULL,3,'2019-01-08','2019-01-08','9999-01-01');
INSERT INTO `members` VALUES ('72727830037',NULL,'Ross','Hudson','hello@rosshudson.co.uk','7745311065','23 Ross Way',0,0,NULL,NULL,0,'2019-01-08','2019-01-08','2020-01-08');
INSERT INTO `members` VALUES ('73703153726',NULL,'Ross','Hudson','rosshudson8@googlemail.com','+447745311065','23 Ross Way',0,0,'[]',NULL,5,'2018-09-18','2018-09-18','2019-09-18');
INSERT INTO `members` VALUES ('73986260942',NULL,'Ross','Hudson','rosshudson8@googlemail.com','','23 Ross Way',1,0,NULL,NULL,0,'2018-07-19','2018-07-19','2019-07-19');
INSERT INTO `members` VALUES ('74696312131',NULL,'Ross','Hudson','rosshudson8@googlemail.com','7745311065','23 Ross Way',0,0,'[\"WG-101-001\",\"WG-104\"]',NULL,0,'2018-11-14','2018-11-14','2019-11-14');
INSERT INTO `members` VALUES ('77784759491',NULL,'Ross','Hudson','hello@rosshudson.co.uk','7745311065','23 Ross Way',0,0,NULL,NULL,0,'2019-01-08','2019-01-08','2019-04-08');
INSERT INTO `members` VALUES ('80180013047',NULL,'Ross','Hudson','rosshudson8@googlemail.com','7745311065','23 Ross Way',1,1,'[]',NULL,5,'2019-01-28','2019-02-19','2019-04-19');
INSERT INTO `members` VALUES ('84270782783',NULL,'Someone','McSomething','god@only.knows','','',1,0,NULL,NULL,1,'2019-04-01','2019-04-01','2019-07-01');
INSERT INTO `members` VALUES ('84834369421',NULL,'Ross','Hudson','rosshudson8@googlemail.com','','23 Ross Way',0,0,'[]',NULL,5,'2018-09-06','2018-09-06','2019-09-06');
INSERT INTO `members` VALUES ('85926779484',NULL,'Ross','Hudson','hello@rosshudson.co.uk','7745311065','23 Ross Way',0,0,NULL,NULL,0,'2019-01-08','2019-01-08','2020-01-08');
INSERT INTO `members` VALUES ('88036251160',NULL,'Ross','Hudson','rosshudson8@googlemail.com','','23 Ross Way',0,0,'[]',NULL,5,'2018-09-18','2018-09-18','2019-09-18');
INSERT INTO `members` VALUES ('88037670991',NULL,'[redacted]','[redacted]','[redacted]','[redacted]','[redacted]',0,0,'[]',NULL,1,'2019-02-26','2019-02-26','2019-05-26');
INSERT INTO `members` VALUES ('89497071951',NULL,'test','test','test@test.com','','',1,0,NULL,NULL,0,'2019-04-23','2019-04-23','2020-04-23');
INSERT INTO `members` VALUES ('90098139365',NULL,'Ross','Hudson','rosshudson8@googlemail.com','+447745311065','23 Ross Way',0,0,'[]',NULL,0,'2018-09-18','2018-09-18','2019-09-18');
INSERT INTO `members` VALUES ('90894924881',NULL,'Ross','Hudson','rosshudson8@googlemail.com','7745311065','23 Ross Way',0,0,NULL,NULL,0,'2018-12-07','2018-12-07','2019-12-07');
INSERT INTO `members` VALUES ('91366022011','1233','John','Poo','potato@potatoaa.net','asdasd','',1,0,NULL,NULL,1,'2019-04-01','2019-04-01','2019-07-01');
INSERT INTO `members` VALUES ('92187273873',NULL,'Ross','Lennon','rosshudson8@googlemail.com','07745311065','',1,0,'[]',NULL,5,'2018-11-07','2018-11-14','2019-11-14');
INSERT INTO `members` VALUES ('93666276306',NULL,'Ross','Hudson','rosshudson8@googlemail.com','','',1,0,'',NULL,5,'2018-07-19','2018-07-19','2019-07-19');
INSERT INTO `members` VALUES ('94139677806',NULL,'Ross','Hudson','rosshudson8@googlemail.com','','23 Ross Way',0,0,'[]',NULL,5,'2018-09-18','2018-09-18','2019-09-18');
INSERT INTO `members` VALUES ('94352189283',NULL,'John','Smith','johnsmit@gasdasdasdasd.com','','',1,0,NULL,NULL,1,'2019-04-01','2019-04-01','2019-07-01');
INSERT INTO `members` VALUES ('94523566947',NULL,'Ross','Hudson','rosshudson8@googlemail.com','7745311065','',1,0,'[]',NULL,5,'2019-02-11','2019-02-11','2020-02-11');
INSERT INTO `members` VALUES ('94652912236',NULL,'Ross','Hudson','hello@rosshudson.co.uk','7745311065','23 Ross Way',1,0,NULL,NULL,0,'2019-01-08','2019-01-08','9999-01-01');
INSERT INTO `members` VALUES ('94872554206',NULL,'Ross','Hudson','hello@rosshudson.co.uk','7745311065','23 Ross Way',0,0,NULL,NULL,0,'2019-01-08','2019-01-08','2020-01-08');
INSERT INTO `members` VALUES ('94907681447',NULL,'Ross','Hudson','hello@rosshudson.co.uk','7745311065','23 Ross Way',0,0,NULL,NULL,0,'2019-01-08','2019-01-08','2019-07-08');
INSERT INTO `members` VALUES ('96866985676',NULL,'sdfsdf','sdfsdf','fsdfsdf@sdfsdf.com','dsfsdf','',1,0,NULL,NULL,1,'2019-02-07','2019-02-07','2019-05-07');
INSERT INTO `members` VALUES ('97294158119',NULL,'Ross','Hudson','rosshudson8@googlemail.com','','23 Ross Way',0,0,'[]',NULL,5,'2018-09-18','2018-09-18','2019-09-18');
INSERT INTO `members` VALUES ('97992178113',NULL,'Ross','Hudson','rosshudson8@googlemail.com','','23 Ross Way',1,0,'[]',NULL,5,'2018-07-20','2018-07-20','2019-07-20');
INSERT INTO `members` VALUES ('99180639048',NULL,'Ross','Hudson','rosshudson8@googlemail.com','7745311065','23 Ross Way',1,0,'[]',NULL,1,'2019-01-28','2019-01-28','2019-04-28');
/*!40000 ALTER TABLE `members` ENABLE KEYS */;
UNLOCK TABLES;

--
-- Table structure for table `notifications`
--

DROP TABLE IF EXISTS `notifications`;
/*!40101 SET @saved_cs_client     = @@character_set_client */;
/*!40101 SET character_set_client = utf8 */;
CREATE TABLE `notifications` (
  `notification_id` varchar(50) NOT NULL,
  `user_id` varchar(11) NOT NULL,
  `timestamp` timestamp NOT NULL DEFAULT CURRENT_TIMESTAMP,
  `title` varchar(100) DEFAULT NULL,
  PRIMARY KEY (`notification_id`)
) ENGINE=InnoDB DEFAULT CHARSET=latin1;
/*!40101 SET character_set_client = @saved_cs_client */;

--
-- Dumping data for table `notifications`
--

LOCK TABLES `notifications` WRITE;
/*!40000 ALTER TABLE `notifications` DISABLE KEYS */;
/*!40000 ALTER TABLE `notifications` ENABLE KEYS */;
UNLOCK TABLES;

--
-- Table structure for table `password_reset`
--

DROP TABLE IF EXISTS `password_reset`;
/*!40101 SET @saved_cs_client     = @@character_set_client */;
/*!40101 SET character_set_client = utf8 */;
CREATE TABLE `password_reset` (
  `user_id` varchar(50) NOT NULL,
  `ip_address` varchar(39) NOT NULL,
  `reset_code` varchar(25) NOT NULL,
  `date_issued` datetime NOT NULL DEFAULT CURRENT_TIMESTAMP,
  `used` tinyint(1) NOT NULL DEFAULT '0',
  PRIMARY KEY (`reset_code`)
) ENGINE=InnoDB DEFAULT CHARSET=latin1;
/*!40101 SET character_set_client = @saved_cs_client */;

--
-- Dumping data for table `password_reset`
--

LOCK TABLES `password_reset` WRITE;
/*!40000 ALTER TABLE `password_reset` DISABLE KEYS */;
INSERT INTO `password_reset` VALUES ('01746919992','::ffff:127.0.0.1','QbMCw1N15wZkzi6UTn-0mZpEl','2018-12-07 19:43:17',1);
INSERT INTO `password_reset` VALUES ('01746919992','::ffff:192.168.1.128','t9opbdZ3OfCfVw-JH5viScAhK','2019-01-19 08:34:45',1);
/*!40000 ALTER TABLE `password_reset` ENABLE KEYS */;
UNLOCK TABLES;

--
-- Table structure for table `reports`
--

DROP TABLE IF EXISTS `reports`;
/*!40101 SET @saved_cs_client     = @@character_set_client */;
/*!40101 SET character_set_client = utf8 */;
CREATE TABLE `reports` (
  `subject` varchar(20) NOT NULL,
  `date` date NOT NULL,
  `report` text NOT NULL
) ENGINE=InnoDB DEFAULT CHARSET=latin1;
/*!40101 SET character_set_client = @saved_cs_client */;

--
-- Dumping data for table `reports`
--

LOCK TABLES `reports` WRITE;
/*!40000 ALTER TABLE `reports` DISABLE KEYS */;
INSERT INTO `reports` VALUES ('membership','2019-04-29','{\"currentMembers\":47,\"currentVolunteers\":29}');
/*!40000 ALTER TABLE `reports` ENABLE KEYS */;
UNLOCK TABLES;

--
-- Table structure for table `stock_categories`
--

DROP TABLE IF EXISTS `stock_categories`;
/*!40101 SET @saved_cs_client     = @@character_set_client */;
/*!40101 SET character_set_client = utf8 */;
CREATE TABLE `stock_categories` (
  `item_id` varchar(25) NOT NULL,
  `till_id` varchar(25) DEFAULT NULL,
  `carbon_id` varchar(6) DEFAULT NULL,
  `name` varchar(50) NOT NULL,
  `value` float DEFAULT NULL,
  `weight` int(11) DEFAULT NULL,
  `needsCondition` tinyint(4) NOT NULL DEFAULT '0',
  `quantity` int(11) DEFAULT NULL,
  `allowTokens` tinyint(4) NOT NULL DEFAULT '1',
  `member_discount` int(3) NOT NULL DEFAULT '0',
  `action` varchar(20) DEFAULT NULL,
  `parent` varchar(10) DEFAULT NULL,
  `active` tinyint(4) NOT NULL DEFAULT '1',
  PRIMARY KEY (`item_id`)
) ENGINE=InnoDB DEFAULT CHARSET=latin1;
/*!40101 SET character_set_client = @saved_cs_client */;

--
-- Dumping data for table `stock_categories`
--

LOCK TABLES `stock_categories` WRITE;
/*!40000 ALTER TABLE `stock_categories` DISABLE KEYS */;
INSERT INTO `stock_categories` VALUES ('-gGKIUyXaP','12345678','IT-102','Fiction',NULL,NULL,0,NULL,0,0,NULL,'yLURq8hsZu',0);
INSERT INTO `stock_categories` VALUES ('2H5xJgmGyo','DYtx5CtTLZNnFhV5','','Tea',1,0,0,NULL,0,20,NULL,'j7swgjxdZ9',1);
INSERT INTO `stock_categories` VALUES ('51910167709',NULL,NULL,'Song Power Group Singing Workshop',0,NULL,0,NULL,0,0,NULL,'events',1);
INSERT INTO `stock_categories` VALUES ('52628516309',NULL,NULL,'Upcycled Fashion Show!',0,NULL,0,NULL,0,0,NULL,'events',1);
INSERT INTO `stock_categories` VALUES ('52713896684',NULL,NULL,'Creative Music Workshop #1: Sound and Silence',0,NULL,0,NULL,0,0,NULL,'events',1);
INSERT INTO `stock_categories` VALUES ('52815415329',NULL,NULL,'Eco-themed Argumentation Skills Session',0,NULL,0,NULL,0,0,NULL,'events',1);
INSERT INTO `stock_categories` VALUES ('8CI9h_ZCmk','DYtx5CtTLZNnFhV5','','Swapshop',NULL,NULL,0,NULL,0,0,NULL,NULL,1);
INSERT INTO `stock_categories` VALUES ('Afg2DuFXzY','12345678','IT-102','Books',NULL,NULL,0,NULL,1,0,NULL,'uuhUkeE7gC',1);
INSERT INTO `stock_categories` VALUES ('avPszJaSKe','12345678','IT-100','Shirt',NULL,NULL,0,NULL,1,0,NULL,'xvDUhgBhX5',1);
INSERT INTO `stock_categories` VALUES ('aWcWhc4nGN','DYtx5CtTLZNnFhV5','','test category',1,0,0,NULL,0,0,NULL,NULL,1);
INSERT INTO `stock_categories` VALUES ('B5hBcMFxJK','12345678','IT-100','Shirt',NULL,NULL,0,NULL,0,0,NULL,'uuhUkeE7gC',0);
INSERT INTO `stock_categories` VALUES ('BpC9RNzlxr','12345678','IT-103','Vinyl Record',NULL,NULL,0,NULL,1,0,NULL,'tIhWWQhJUR',1);
INSERT INTO `stock_categories` VALUES ('c2XrJGfoiY','12345678','IT-100','Socks',NULL,NULL,0,NULL,0,0,NULL,'xvDUhgBhX5',0);
INSERT INTO `stock_categories` VALUES ('DZDatTQSTP','12345678','IT-100','Skirt',NULL,NULL,0,NULL,1,0,NULL,'xvDUhgBhX5',0);
INSERT INTO `stock_categories` VALUES ('events',NULL,NULL,'Events',NULL,NULL,0,NULL,0,0,NULL,NULL,1);
INSERT INTO `stock_categories` VALUES ('E_Js1cfoJy','DYtx5CtTLZNnFhV5','IT-100','Clothes',NULL,100,1,NULL,0,33,NULL,'8CI9h_ZCmk',1);
INSERT INTO `stock_categories` VALUES ('G0YxlC-jy3','12345678','IT-100','Scarves',NULL,NULL,0,NULL,1,0,NULL,'xvDUhgBhX5',1);
INSERT INTO `stock_categories` VALUES ('hk9AGwpfD9','12345678','','Coffee',1,NULL,0,NULL,0,0,NULL,'OuHlX70ZSG',1);
INSERT INTO `stock_categories` VALUES ('hqqUSS2yHn','DYtx5CtTLZNnFhV5','IT-101','Electronics',NULL,NULL,0,NULL,0,0,NULL,'8CI9h_ZCmk',1);
INSERT INTO `stock_categories` VALUES ('I-FSoGWk9G','12345678','IT-103','CD/DVD/Bluray',NULL,NULL,0,NULL,1,0,NULL,'tIhWWQhJUR',1);
INSERT INTO `stock_categories` VALUES ('ihZWhYjwWj','12345678','IT-100','Shoes',NULL,NULL,0,NULL,0,0,NULL,'xvDUhgBhX5',0);
INSERT INTO `stock_categories` VALUES ('j7swgjxdZ9','DYtx5CtTLZNnFhV5','','Cafe',NULL,NULL,0,NULL,0,0,NULL,NULL,1);
INSERT INTO `stock_categories` VALUES ('kQSjvdg9_S','DYtx5CtTLZNnFhV5','','ksadsadc',NULL,NULL,0,NULL,0,0,NULL,NULL,1);
INSERT INTO `stock_categories` VALUES ('Lzil6p0h5j','12345678','IT-100','Trousers',NULL,NULL,0,NULL,0,0,NULL,'xvDUhgBhX5',0);
INSERT INTO `stock_categories` VALUES ('membership',NULL,NULL,'Membership',NULL,NULL,0,NULL,1,0,NULL,NULL,1);
INSERT INTO `stock_categories` VALUES ('nmcpSVaBnS','12345678','','Tea',1,NULL,0,NULL,0,0,NULL,'OuHlX70ZSG',1);
INSERT INTO `stock_categories` VALUES ('OuHlX70ZSG','12345678','','Caf',NULL,NULL,0,NULL,0,0,NULL,NULL,1);
INSERT INTO `stock_categories` VALUES ('pdN6RMaP6S',NULL,NULL,'Half Year',8,NULL,0,NULL,0,0,'MEM-HY','membership',1);
INSERT INTO `stock_categories` VALUES ('pwJb3DMMp4','12345678','IT-102','Paperback',NULL,NULL,0,NULL,1,0,NULL,'yLURq8hsZu',0);
INSERT INTO `stock_categories` VALUES ('q_BiAzCOD1','12345678','IT-100','Shirt',NULL,NULL,0,NULL,1,0,NULL,'xvDUhgBhX5',0);
INSERT INTO `stock_categories` VALUES ('snesVTjn4P','12345678','','AHHH',NULL,NULL,0,NULL,0,0,NULL,NULL,0);
INSERT INTO `stock_categories` VALUES ('tIhWWQhJUR','12345678','','Films & Music',NULL,NULL,0,NULL,0,0,NULL,'uuhUkeE7gC',1);
INSERT INTO `stock_categories` VALUES ('U-gVOMUNQn','12345678','IT-102','Fiction',NULL,NULL,0,NULL,0,0,NULL,'yLURq8hsZu',0);
INSERT INTO `stock_categories` VALUES ('U4MPy8IfnQ','12345678','IT-103','Cassette',NULL,NULL,0,NULL,1,0,NULL,'tIhWWQhJUR',1);
INSERT INTO `stock_categories` VALUES ('uuhUkeE7gC','12345678','','Swapshop',NULL,NULL,0,NULL,1,0,NULL,NULL,1);
INSERT INTO `stock_categories` VALUES ('v8H4dvscttW',NULL,'','3 months',4,NULL,0,NULL,0,0,'MEM-QY','membership',1);
INSERT INTO `stock_categories` VALUES ('v8H4GDSvQ5',NULL,'','Full Year',20,NULL,0,NULL,0,0,'MEM-FY','membership',1);
INSERT INTO `stock_categories` VALUES ('WDwBgfzrS2','DYtx5CtTLZNnFhV5','IT-101','Toaster',NULL,NULL,0,NULL,1,50,NULL,'hqqUSS2yHn',1);
INSERT INTO `stock_categories` VALUES ('wo2IPpXSgl','DYtx5CtTLZNnFhV5','','dfclsbfksvcs',NULL,0,1,NULL,0,0,NULL,'8CI9h_ZCmk',1);
INSERT INTO `stock_categories` VALUES ('xAVnWvmQ29','12345678','IT-100','Hat',NULL,NULL,0,NULL,0,0,NULL,'xvDUhgBhX5',0);
INSERT INTO `stock_categories` VALUES ('xvDUhgBhX5','12345678','IT-100','Clothes',NULL,NULL,0,NULL,1,0,NULL,'uuhUkeE7gC',1);
INSERT INTO `stock_categories` VALUES ('Y3w6ZVAN_l','12345678','','Bric-a-brac',NULL,NULL,0,NULL,0,0,NULL,'uuhUkeE7gC',0);
INSERT INTO `stock_categories` VALUES ('yLURq8hsZu','12345678','','Books',NULL,NULL,0,NULL,0,0,NULL,'uuhUkeE7gC',0);
INSERT INTO `stock_categories` VALUES ('YStpi5o60o','DYtx5CtTLZNnFhV5','IT-107','Potato',NULL,1000,0,NULL,0,0,NULL,'j7swgjxdZ9',1);
INSERT INTO `stock_categories` VALUES ('zA3EU_9gPW','12345678','IT-102','Hardback',NULL,NULL,0,NULL,1,0,NULL,'yLURq8hsZu',0);
/*!40000 ALTER TABLE `stock_categories` ENABLE KEYS */;
UNLOCK TABLES;

--
-- Table structure for table `till_activity`
--

DROP TABLE IF EXISTS `till_activity`;
/*!40101 SET @saved_cs_client     = @@character_set_client */;
/*!40101 SET character_set_client = utf8 */;
CREATE TABLE `till_activity` (
  `action_id` varchar(25) NOT NULL,
  `till_id` varchar(25) NOT NULL,
  `user_id` varchar(11) NOT NULL,
  `timestamp` timestamp NOT NULL DEFAULT CURRENT_TIMESTAMP,
  `expected_float` float DEFAULT NULL,
  `counted_float` float NOT NULL,
  `note` text,
  `opening` tinyint(4) NOT NULL,
  PRIMARY KEY (`action_id`)
) ENGINE=InnoDB DEFAULT CHARSET=latin1;
/*!40101 SET character_set_client = @saved_cs_client */;

--
-- Dumping data for table `till_activity`
--

LOCK TABLES `till_activity` WRITE;
/*!40000 ALTER TABLE `till_activity` DISABLE KEYS */;
INSERT INTO `till_activity` VALUES ('10783997364422203000','12345678','01746919992','2018-11-17 02:23:12',18,18,NULL,0);
INSERT INTO `till_activity` VALUES ('11349626918853054000','12345678','01746918152','2018-11-10 10:24:31',NULL,50,NULL,1);
INSERT INTO `till_activity` VALUES ('14694514365807643000','DYtx5CtTLZNnFhV5','01746919992','2019-04-23 14:29:29',2,1,'',0);
INSERT INTO `till_activity` VALUES ('16320294951023661000','DYtx5CtTLZNnFhV5','01746919992','2019-02-27 09:20:18',1,1,'',0);
INSERT INTO `till_activity` VALUES ('18377441130407246000','12345678','01746918152','2018-11-20 22:58:46',NULL,50,NULL,1);
INSERT INTO `till_activity` VALUES ('19751936131519513000','RKreaw5PjCr6Bxgg','01746918152','2018-12-08 09:58:34',NULL,50,'',1);
INSERT INTO `till_activity` VALUES ('20718778345505520000','12345678','01746918152','2018-11-10 12:48:14',60,59.5,NULL,0);
INSERT INTO `till_activity` VALUES ('21177353814471983000','DYtx5CtTLZNnFhV5','01746918152','2019-02-23 17:59:24',111.8,2,'',0);
INSERT INTO `till_activity` VALUES ('21371749551595987000','12345678','01746918152','2018-11-17 03:05:13',NULL,1,NULL,1);
INSERT INTO `till_activity` VALUES ('22416419803622506000','DYtx5CtTLZNnFhV5','01746918152','2019-01-23 10:09:37',NULL,2,'',1);
INSERT INTO `till_activity` VALUES ('23113157051567047000','12345679','01746918152','2018-11-17 12:57:13',NULL,5,NULL,1);
INSERT INTO `till_activity` VALUES ('23154481239228990000','12345678','01746918152','2018-11-10 12:42:19',NULL,50,NULL,1);
INSERT INTO `till_activity` VALUES ('23651192386521293000','DYtx5CtTLZNnFhV5','01746918152','2018-11-22 23:10:28',50,49.5,'Gave 50p to a dog',0);
INSERT INTO `till_activity` VALUES ('23860566873234346000','12345678','01746918152','2018-11-08 13:31:00',50,50,NULL,0);
INSERT INTO `till_activity` VALUES ('27215694476997657000','RKreaw5PjCr6Bxgg','01746919992','2018-11-26 20:05:56',NULL,10,'',1);
INSERT INTO `till_activity` VALUES ('27363139253794456000','DYtx5CtTLZNnFhV5','01746918152','2019-04-23 11:54:25',NULL,1,'',1);
INSERT INTO `till_activity` VALUES ('28171966802276454000','12345678','01746918152','2018-11-08 14:01:36',75,75,NULL,0);
INSERT INTO `till_activity` VALUES ('30920712407495500000','DYtx5CtTLZNnFhV5','01746918152','2019-01-23 10:09:12',52,52,'',0);
INSERT INTO `till_activity` VALUES ('35301656257336920000','DYtx5CtTLZNnFhV5','01746918152','2019-04-23 11:48:11',NULL,2,'',1);
INSERT INTO `till_activity` VALUES ('38022621430336260000','12345678','01746918152','2018-11-10 20:18:27',NULL,50,NULL,1);
INSERT INTO `till_activity` VALUES ('38677895829904835000','12345678','01746918152','2018-11-08 13:20:56',NULL,50,NULL,1);
INSERT INTO `till_activity` VALUES ('39906514375741290000','DYtx5CtTLZNnFhV5','01746918152','2019-04-23 10:53:26',2,2,'',0);
INSERT INTO `till_activity` VALUES ('40363359021387970000','12345678','01746918152','2018-11-08 13:18:54',50,50,NULL,0);
INSERT INTO `till_activity` VALUES ('42344376972440850000','DYtx5CtTLZNnFhV5','01746919992','2018-12-11 12:58:40',NULL,5,'',1);
INSERT INTO `till_activity` VALUES ('43660913469941460000','12345678','01746918152','2018-11-08 13:43:19',NULL,50,NULL,1);
INSERT INTO `till_activity` VALUES ('43872802639557980000','DYtx5CtTLZNnFhV5','01746918152','2019-01-07 11:33:42',52.8,52.8,'',0);
INSERT INTO `till_activity` VALUES ('44799356691332530000','12345678','01746918152','2018-11-10 12:47:55',NULL,50,NULL,1);
INSERT INTO `till_activity` VALUES ('45100222967266200000','12345678','01746918152','2018-11-20 22:58:37',136,136,NULL,0);
INSERT INTO `till_activity` VALUES ('47066737975266160000','12345678','01746918152','2018-11-17 03:05:47',0.95,1,NULL,0);
INSERT INTO `till_activity` VALUES ('47983996858772960000','DYtx5CtTLZNnFhV5','01746918152','2019-02-23 17:59:50',NULL,50,'',1);
INSERT INTO `till_activity` VALUES ('48955392916661370000','12345678','01746918152','2018-11-10 20:18:45',50,50,NULL,0);
INSERT INTO `till_activity` VALUES ('49817867521490720000','12345678','01746918152','2018-11-10 12:41:33',59,59,NULL,0);
INSERT INTO `till_activity` VALUES ('49945146825110766000','DYtx5CtTLZNnFhV5','01746918152','2019-04-23 10:45:49',24,23.7,'',0);
INSERT INTO `till_activity` VALUES ('52952851895895600000','DYtx5CtTLZNnFhV5','01746918152','2018-12-13 11:21:06',NULL,50,'',1);
INSERT INTO `till_activity` VALUES ('54450992769868915000','DYtx5CtTLZNnFhV5','01746918152','2019-04-23 14:30:14',NULL,1,'',1);
INSERT INTO `till_activity` VALUES ('54612068665698580000','DYtx5CtTLZNnFhV5','01746919992','2019-04-23 14:17:58',4,2,'',0);
INSERT INTO `till_activity` VALUES ('56974057651696710000','DYtx5CtTLZNnFhV5','01746918152','2018-12-11 13:14:56',6,6,'',0);
INSERT INTO `till_activity` VALUES ('59142688452150220000','DYtx5CtTLZNnFhV5','01746918152','2019-04-23 14:24:26',NULL,1,'',1);
INSERT INTO `till_activity` VALUES ('60454660281130550000','12345678','01746918152','2018-11-17 03:05:42',NULL,0.95,NULL,1);
INSERT INTO `till_activity` VALUES ('60896987471562780000','12345678','01746919992','2018-11-17 03:03:43',65,65,NULL,0);
INSERT INTO `till_activity` VALUES ('62466466060667490000','DYtx5CtTLZNnFhV5','01746918152','2019-04-23 12:47:37',NULL,2,'',1);
INSERT INTO `till_activity` VALUES ('62657358932711790000','DYtx5CtTLZNnFhV5','01746919992','2018-12-11 12:57:41',127.87,127.87,'',0);
INSERT INTO `till_activity` VALUES ('65936281403075820000','12345678','01746918152','2018-11-07 19:50:30',NULL,50,NULL,1);
INSERT INTO `till_activity` VALUES ('67363210260434650000','DYtx5CtTLZNnFhV5','01746918152','2019-01-18 09:20:56',50,50,'',0);
INSERT INTO `till_activity` VALUES ('67649244396894400000','DYtx5CtTLZNnFhV5','01746919992','2019-04-22 14:23:54',NULL,1,'',1);
INSERT INTO `till_activity` VALUES ('72563062350589240000','DYtx5CtTLZNnFhV5','01746918152','2018-11-22 23:10:45',NULL,50,'',1);
INSERT INTO `till_activity` VALUES ('73925903625863300000','DYtx5CtTLZNnFhV5','01746919992','2019-01-19 08:35:59',NULL,50,'',1);
INSERT INTO `till_activity` VALUES ('75390468096309890000','12345678','01746918152','2018-11-10 20:18:58',NULL,1,NULL,1);
INSERT INTO `till_activity` VALUES ('77552623029673230000','12345678','01746918152','2018-11-17 03:26:02',NULL,50,NULL,1);
INSERT INTO `till_activity` VALUES ('77735368036545820000','RKreaw5PjCr6Bxgg','01746918152','2018-12-08 09:57:01',10,10,'',0);
INSERT INTO `till_activity` VALUES ('79244212385383900000','DYtx5CtTLZNnFhV5','01746918152','2018-11-22 23:10:00',NULL,50,'hello world',1);
INSERT INTO `till_activity` VALUES ('80662304551045820000','DYtx5CtTLZNnFhV5','01746918152','2019-04-23 11:59:24',2,2,'',0);
INSERT INTO `till_activity` VALUES ('80826179292257880000','12345678','01746918152','2018-11-08 10:54:15',NULL,50,NULL,1);
INSERT INTO `till_activity` VALUES ('81786809741447200000','12345678','01746918152','2018-11-08 10:51:52',75,74.75,NULL,0);
INSERT INTO `till_activity` VALUES ('84858882339367340000','12345678','01746918152','2018-11-17 02:23:28',NULL,50,NULL,1);
INSERT INTO `till_activity` VALUES ('86174424013637570000','DYtx5CtTLZNnFhV5','01746919992','2019-02-27 09:14:48',57.8,4,'',0);
INSERT INTO `till_activity` VALUES ('86210131137638480000','DYtx5CtTLZNnFhV5','01746918152','2019-01-14 06:52:08',NULL,50,'',1);
INSERT INTO `till_activity` VALUES ('86941526418866470000','DYtx5CtTLZNnFhV5','01746919992','2019-02-27 09:14:56',NULL,1,'',1);
INSERT INTO `till_activity` VALUES ('90077004119703620000','DYtx5CtTLZNnFhV5','23103033636','2019-04-02 12:27:06',NULL,21,'',1);
INSERT INTO `till_activity` VALUES ('92282754670367870000','DYtx5CtTLZNnFhV5','01746918152','2019-04-23 11:54:20',2,2,'',0);
INSERT INTO `till_activity` VALUES ('94593355831382440000','DYtx5CtTLZNnFhV5','01746919992','2019-04-09 19:13:42',31.8,1,'',0);
INSERT INTO `till_activity` VALUES ('97166341829704200000','12345678','01746918152','2018-11-10 12:46:51',80,80,NULL,0);
INSERT INTO `till_activity` VALUES ('98060129908155330000','12345678','01746918152','2018-11-17 03:05:19',1,1,NULL,0);
/*!40000 ALTER TABLE `till_activity` ENABLE KEYS */;
UNLOCK TABLES;

--
-- Table structure for table `tills`
--

DROP TABLE IF EXISTS `tills`;
/*!40101 SET @saved_cs_client     = @@character_set_client */;
/*!40101 SET character_set_client = utf8 */;
CREATE TABLE `tills` (
  `till_id` varchar(25) NOT NULL,
  `group_id` varchar(10) NOT NULL,
  `name` varchar(50) NOT NULL,
  `stockControl` tinyint(4) NOT NULL,
  PRIMARY KEY (`till_id`),
  UNIQUE KEY `till_id` (`till_id`)
) ENGINE=InnoDB DEFAULT CHARSET=latin1;
/*!40101 SET character_set_client = @saved_cs_client */;

--
-- Dumping data for table `tills`
--

LOCK TABLES `tills` WRITE;
/*!40000 ALTER TABLE `tills` DISABLE KEYS */;
INSERT INTO `tills` VALUES ('DYtx5CtTLZNnFhV5','WG-100','Swapshop Till',0);
INSERT INTO `tills` VALUES ('RKreaw5PjCr6Bxgg','WG-101','22 Bread Street',0);
/*!40000 ALTER TABLE `tills` ENABLE KEYS */;
UNLOCK TABLES;

--
-- Table structure for table `transactions`
--

DROP TABLE IF EXISTS `transactions`;
/*!40101 SET @saved_cs_client     = @@character_set_client */;
/*!40101 SET character_set_client = utf8 */;
CREATE TABLE `transactions` (
  `transaction_id` varchar(30) NOT NULL,
  `till_id` varchar(25) DEFAULT NULL,
  `user_id` varchar(25) NOT NULL,
  `member_id` varchar(15) DEFAULT NULL,
  `date` datetime NOT NULL,
  `summary` text NOT NULL,
  PRIMARY KEY (`transaction_id`),
  UNIQUE KEY `unique_index` (`till_id`,`date`)
) ENGINE=InnoDB DEFAULT CHARSET=latin1;
/*!40101 SET character_set_client = @saved_cs_client */;

--
-- Dumping data for table `transactions`
--

LOCK TABLES `transactions` WRITE;
/*!40000 ALTER TABLE `transactions` DISABLE KEYS */;
INSERT INTO `transactions` VALUES ('1045339941',NULL,'01746919992','383039112','2019-01-18 10:12:24','{\"totals\":{\"tokens\":3},\"bill\":[{\"item_id\":\"volunteering\",\"tokens\":3}],\"comment\":\"with Wee Spoke Hub\"}');
INSERT INTO `transactions` VALUES ('1045339947',NULL,'01746919992','383039112','2019-01-18 10:12:24','{\"totals\":{\"tokens\":3},\"bill\":[{\"item_id\":\"volunteering\",\"tokens\":3}],\"comment\":\"with Wee Spoke Hub\"}');
INSERT INTO `transactions` VALUES ('1051843260','DYtx5CtTLZNnFhV5','01746918152','anon','2018-12-15 12:12:27','{\"totals\":{\"money\":\"1.00\"},\"bill\":[{\"tokens\":\"1\",\"item_id\":\"WDwBgfzrS2\"}],\"comment\":\"\",\"paymentMethod\":\"card\"}');
INSERT INTO `transactions` VALUES ('1101859615','DYtx5CtTLZNnFhV5','01746919992','12849542116','2019-02-27 07:59:34','{\"totals\":{\"tokens\":\"1\"},\"bill\":[{\"item_id\":\"donation\",\"tokens\":\"1\"}]}');
INSERT INTO `transactions` VALUES ('1260307735','DYtx5CtTLZNnFhV5','automatic','80180013047','2019-01-28 08:57:32','{\"totals\":{\"tokens\":5},\"bill\":[{\"tokens\":\"5\",\"item_id\":\"membership\"}],\"comment\":\"\",\"paymentMethod\":null}');
INSERT INTO `transactions` VALUES ('1275168403','DYtx5CtTLZNnFhV5','01746918152','anon','2019-01-14 07:01:50','{\"totals\":{\"money\":\"1.00\"},\"bill\":[{\"tokens\":\"1\",\"item_id\":\"E_Js1cfoJy\"}],\"comment\":\"\",\"paymentMethod\":\"card\"}');
INSERT INTO `transactions` VALUES ('1327522903','DYtx5CtTLZNnFhV5','01746919992','12849542116','2019-02-07 10:01:50','{\"totals\":{\"tokens\":\"1\"},\"bill\":[{\"item_id\":\"donation\",\"tokens\":\"1\"}]}');
INSERT INTO `transactions` VALUES ('1362225388','DYtx5CtTLZNnFhV5','01746919992','383039112','2018-11-27 21:23:26','{\"totals\":{\"money\":\"1.60\",\"tokens\":3},\"bill\":[{\"tokens\":\"1\",\"item_id\":\"2H5xJgmGyo\"},{\"tokens\":\"1\",\"item_id\":\"2H5xJgmGyo\"},{\"tokens\":\"5\",\"item_id\":\"WDwBgfzrS2\"}],\"comment\":\"Member\'s only discount(s) applied!<br/>20% off tea, 20% off tea, 50% off toaster\",\"paymentMethod\":\"cash\"}');
INSERT INTO `transactions` VALUES ('1386840496','DYtx5CtTLZNnFhV5','01746918152','anon','2018-11-22 23:19:29','{\"totals\":{\"money\":\"1.00\"},\"bill\":[{\"tokens\":1,\"item_id\":\"2H5xJgmGyo\"}],\"comment\":\"sdfsdfsdf\",\"paymentMethod\":\"cash\"}');
INSERT INTO `transactions` VALUES ('1407647487','DYtx5CtTLZNnFhV5','01746918152','anon','2019-01-07 11:28:37','{\"totals\":{\"money\":\"1.00\"},\"bill\":[{\"tokens\":1,\"item_id\":\"2H5xJgmGyo\"}],\"comment\":\"\",\"paymentMethod\":\"cash\"}');
INSERT INTO `transactions` VALUES ('1413370047',NULL,'01746919992','383039112','2019-02-11 16:02:27','{\"totals\":{\"tokens\":5},\"bill\":[{\"item_id\":\"volunteering\",\"tokens\":5}],\"comment\":\"with Welfare\"}');
INSERT INTO `transactions` VALUES ('1466393232','DYtx5CtTLZNnFhV5','01746918152','anon','2018-11-22 23:18:25','{\"totals\":{\"money\":\"1.00\"},\"bill\":[{\"tokens\":1,\"item_id\":\"2H5xJgmGyo\"}],\"comment\":\"\",\"paymentMethod\":\"cash\"}');
INSERT INTO `transactions` VALUES ('1627643611','DYtx5CtTLZNnFhV5','01746918152','383039112','2019-02-02 11:10:40','{\"totals\":{\"money\":\"0.80\",\"tokens\":0},\"bill\":[{\"tokens\":1,\"item_id\":\"2H5xJgmGyo\",\"condition\":null}],\"comment\":\"\",\"discount_info\":{\"2H5xJgmGyo\":20},\"paymentMethod\":\"cash\"}');
INSERT INTO `transactions` VALUES ('1663782023','DYtx5CtTLZNnFhV5','01746918152','anon','2018-12-13 16:27:16','{\"totals\":{\"money\":\"1.00\"},\"bill\":[{\"tokens\":\"1\",\"item_id\":\"E_Js1cfoJy\"}],\"comment\":\"\",\"paymentMethod\":\"card\"}');
INSERT INTO `transactions` VALUES ('1734804799','DYtx5CtTLZNnFhV5','01746918152','anon','2018-12-08 08:39:01','{\"totals\":{\"money\":\"5.00\"},\"bill\":[{\"tokens\":\"5\",\"item_id\":\"E_Js1cfoJy\"}],\"comment\":\"\",\"paymentMethod\":\"card\"}');
INSERT INTO `transactions` VALUES ('1771995715','DYtx5CtTLZNnFhV5','01746918152','anon','2018-12-13 17:52:25','{\"totals\":{\"money\":\"1.00\"},\"bill\":[{\"tokens\":\"1\",\"item_id\":\"E_Js1cfoJy\"}],\"comment\":\"\",\"paymentMethod\":\"card\"}');
INSERT INTO `transactions` VALUES ('1780236202','DYtx5CtTLZNnFhV5','01746919992','383039112','2019-04-23 14:17:52','{\"totals\":{\"money\":\"1.00\",\"tokens\":0},\"bill\":[{\"tokens\":\"1\",\"item_id\":\"YStpi5o60o\",\"condition\":null}],\"comment\":\"\",\"discount_info\":{},\"paymentMethod\":\"cash\"}');
INSERT INTO `transactions` VALUES ('1791724417','DYtx5CtTLZNnFhV5','01746919992','anon','2018-12-11 12:26:24','{\"totals\":{\"money\":\"1.00\"},\"bill\":[{\"tokens\":\"1\",\"item_id\":\"2H5xJgmGyo\"}],\"comment\":\"\",\"paymentMethod\":\"cash\"}');
INSERT INTO `transactions` VALUES ('1809597338','DYtx5CtTLZNnFhV5','01746919992','12849542116','2019-01-31 14:17:07','{\"totals\":{\"tokens\":\"2\"},\"bill\":[{\"item_id\":\"donation\",\"tokens\":\"2\"}]}');
INSERT INTO `transactions` VALUES ('1831662925','DYtx5CtTLZNnFhV5','01746918152','anon','2019-01-28 08:34:08','{\"totals\":{\"money\":\"1.00\"},\"bill\":[{\"tokens\":\"0\",\"item_id\":\"E_Js1cfoJy\",\"condition\":null},{\"tokens\":1,\"item_id\":\"2H5xJgmGyo\",\"condition\":null}],\"comment\":\"\",\"paymentMethod\":\"cash\"}');
INSERT INTO `transactions` VALUES ('1843615606','DYtx5CtTLZNnFhV5','01746919992','71443108429','2019-02-07 09:52:23','{\"totals\":{\"tokens\":\"2\"},\"bill\":[{\"item_id\":\"donation\",\"tokens\":\"2\"}]}');
INSERT INTO `transactions` VALUES ('1856278881','DYtx5CtTLZNnFhV5','01746918152','anon','2019-01-14 07:16:25','{\"totals\":{\"money\":\"1.00\"},\"bill\":[{\"tokens\":\"1\",\"item_id\":\"E_Js1cfoJy\"}],\"comment\":\"\",\"paymentMethod\":\"card\"}');
INSERT INTO `transactions` VALUES ('2034675608',NULL,'01746919992','383039112','2019-01-28 15:26:45','{\"totals\":{\"tokens\":3},\"bill\":[{\"item_id\":\"volunteering\",\"tokens\":3}],\"comment\":\"with Swapshop\"}');
INSERT INTO `transactions` VALUES ('2100144664','DYtx5CtTLZNnFhV5','01746918152','anon','2018-12-08 08:59:41','{\"totals\":{\"money\":\"1.00\"},\"bill\":[{\"tokens\":\"1\",\"item_id\":\"2H5xJgmGyo\"}],\"comment\":\"\",\"paymentMethod\":\"cash\"}');
INSERT INTO `transactions` VALUES ('2154639097','DYtx5CtTLZNnFhV5','01746919992','16695049487','2018-11-27 22:14:49','{\"totals\":{\"money\":\"0.80\",\"tokens\":0},\"bill\":[{\"tokens\":\"0\",\"item_id\":\"WDwBgfzrS2\"},{\"tokens\":\"1\",\"item_id\":\"2H5xJgmGyo\"}],\"comment\":\"\",\"discount_info\":{\"WDwBgfzrS2\":50,\"2H5xJgmGyo\":20},\"paymentMethod\":\"cash\"}');
INSERT INTO `transactions` VALUES ('2156732397','DYtx5CtTLZNnFhV5','01746918152','12849542116','2019-02-02 11:02:10','{\"totals\":{\"money\":\"8.00\"},\"bill\":[{\"tokens\":8,\"item_id\":\"pdN6RMaP6S\",\"condition\":null}],\"comment\":\"\",\"discount_info\":{},\"paymentMethod\":\"card\"}');
INSERT INTO `transactions` VALUES ('2160202898','DYtx5CtTLZNnFhV5','01746918152','anon','2019-01-28 08:36:52','{\"totals\":{\"money\":\"1.00\"},\"bill\":[{\"tokens\":\"1\",\"item_id\":\"E_Js1cfoJy\",\"condition\":null}],\"comment\":\"\",\"paymentMethod\":\"cash\"}');
INSERT INTO `transactions` VALUES ('2185300089','DYtx5CtTLZNnFhV5','01746918152','16695049487','2018-12-08 08:37:43','{\"totals\":{\"money\":\"0.80\"},\"bill\":[{\"tokens\":\"1\",\"item_id\":\"2H5xJgmGyo\"}],\"comment\":\"\",\"discount_info\":{\"2H5xJgmGyo\":20},\"paymentMethod\":\"cash\"}');
INSERT INTO `transactions` VALUES ('2196259900','DYtx5CtTLZNnFhV5','01746919992','383039112','2018-12-08 06:09:45','{\"totals\":{\"money\":\"2.50\"},\"bill\":[{\"tokens\":\"5\",\"item_id\":\"WDwBgfzrS2\"}],\"comment\":\"\",\"discount_info\":{\"WDwBgfzrS2\":50},\"paymentMethod\":\"cash\"}');
INSERT INTO `transactions` VALUES ('2202922261','DYtx5CtTLZNnFhV5','01746919992','anon','2018-11-27 20:54:29','{\"totals\":{\"money\":\"5.00\"},\"bill\":[{\"tokens\":\"5\",\"item_id\":\"WDwBgfzrS2\"}],\"comment\":\"\",\"paymentMethod\":\"cash\"}');
INSERT INTO `transactions` VALUES ('2251668614','DYtx5CtTLZNnFhV5','automatic','53715783002','2019-01-18 09:05:06','{\"totals\":{\"tokens\":5},\"bill\":[{\"tokens\":\"5\",\"item_id\":\"membership\"}],\"comment\":\"\",\"paymentMethod\":null}');
INSERT INTO `transactions` VALUES ('2264458462','DYtx5CtTLZNnFhV5','01746918152','anon','2018-12-08 08:59:57','{\"totals\":{\"money\":\"5.00\"},\"bill\":[{\"tokens\":\"5\",\"item_id\":\"E_Js1cfoJy\"}],\"comment\":\"\",\"paymentMethod\":\"cash\"}');
INSERT INTO `transactions` VALUES ('2304914033','DYtx5CtTLZNnFhV5','01746918152','anon','2019-01-23 10:11:46','{\"totals\":{\"money\":\"1.00\"},\"bill\":[{\"tokens\":\"1\",\"item_id\":\"E_Js1cfoJy\"}],\"comment\":\"\",\"paymentMethod\":\"cash\"}');
INSERT INTO `transactions` VALUES ('2345797655','DYtx5CtTLZNnFhV5','01746918152','12849542116','2019-04-23 14:27:53','{\"totals\":{\"tokens\":\"1\"},\"bill\":[{\"item_id\":\"donation\",\"tokens\":\"1\"}]}');
INSERT INTO `transactions` VALUES ('2384428777','DYtx5CtTLZNnFhV5','01746919992','12849542116','2018-12-11 12:34:19','{\"totals\":{\"tokens\":\"5\"},\"bill\":[{\"item_id\":\"donation\",\"tokens\":\"5\"}]}');
INSERT INTO `transactions` VALUES ('2503299996','DYtx5CtTLZNnFhV5','01746918152','anon','2019-01-28 08:43:21','{\"totals\":{\"money\":\"5.00\"},\"bill\":[{\"tokens\":\"5\",\"item_id\":\"E_Js1cfoJy\",\"condition\":null}],\"comment\":\"\",\"paymentMethod\":\"cash\"}');
INSERT INTO `transactions` VALUES ('2537956676','DYtx5CtTLZNnFhV5','01746918152','anon','2019-02-02 10:46:47','{\"totals\":{\"money\":\"8.00\"},\"bill\":[{\"tokens\":8,\"item_id\":\"pdN6RMaP6S\",\"condition\":null}],\"comment\":\"\",\"paymentMethod\":\"card\"}');
INSERT INTO `transactions` VALUES ('2567397223','DYtx5CtTLZNnFhV5','01746919992','16695049487','2018-12-08 08:30:07','{\"totals\":{\"money\":\"0.00\"},\"bill\":[{\"tokens\":\"0\",\"item_id\":\"E_Js1cfoJy\"}],\"comment\":\"\",\"discount_info\":{\"E_Js1cfoJy\":33}}');
INSERT INTO `transactions` VALUES ('2599009103','DYtx5CtTLZNnFhV5','01746918152','12849542116','2019-01-07 11:26:24','{\"totals\":{\"money\":\"0.80\"},\"bill\":[{\"tokens\":1,\"item_id\":\"2H5xJgmGyo\"}],\"comment\":\"\",\"discount_info\":{\"2H5xJgmGyo\":20},\"paymentMethod\":\"cash\"}');
INSERT INTO `transactions` VALUES ('2630160634','DYtx5CtTLZNnFhV5','01746918152','anon','2019-01-28 08:55:26','{\"totals\":{\"money\":\"1.00\"},\"bill\":[{\"tokens\":\"1\",\"item_id\":\"wo2IPpXSgl\",\"condition\":\"Reused\"}],\"comment\":\"\",\"paymentMethod\":\"cash\"}');
INSERT INTO `transactions` VALUES ('2650218555','DYtx5CtTLZNnFhV5','01746918152','anon','2019-04-23 11:33:32','{\"totals\":{\"money\":\"2.00\"},\"bill\":[{\"tokens\":\"2\",\"item_id\":\"YStpi5o60o\",\"condition\":null}],\"comment\":\"\",\"paymentMethod\":\"cash\"}');
INSERT INTO `transactions` VALUES ('2692388694','DYtx5CtTLZNnFhV5','01746918152','anon','2018-12-13 16:30:53','{\"totals\":{\"money\":\"1.00\"},\"bill\":[{\"tokens\":\"1\",\"item_id\":\"E_Js1cfoJy\"}],\"comment\":\"\",\"paymentMethod\":\"card\"}');
INSERT INTO `transactions` VALUES ('2694106487','DYtx5CtTLZNnFhV5','01746919992','12849542116','2019-02-08 09:18:39','{\"totals\":{\"tokens\":\"2\"},\"bill\":[{\"item_id\":\"donation\",\"tokens\":\"2\"}]}');
INSERT INTO `transactions` VALUES ('2734073711','DYtx5CtTLZNnFhV5','01746918152','anon','2019-01-23 10:12:45','{\"totals\":{\"money\":\"1.00\"},\"bill\":[{\"tokens\":\"1\",\"item_id\":\"WDwBgfzrS2\"}],\"comment\":\"\",\"paymentMethod\":\"cash\"}');
INSERT INTO `transactions` VALUES ('2753306858','DYtx5CtTLZNnFhV5','01746918152','anon','2019-01-28 08:38:48','{\"totals\":{\"money\":\"NaN\"},\"bill\":[{\"tokens\":\"1\",\"item_id\":\"E_Js1cfoJy\",\"condition\":null}],\"comment\":\"\",\"paymentMethod\":\"cash\"}');
INSERT INTO `transactions` VALUES ('2865915931','DYtx5CtTLZNnFhV5','01746919992','12849542116','2019-02-07 10:07:14','{\"totals\":{\"tokens\":\"2\"},\"bill\":[{\"item_id\":\"donation\",\"tokens\":\"2\"}]}');
INSERT INTO `transactions` VALUES ('2880996814','DYtx5CtTLZNnFhV5','01746918152','anon','2018-12-13 16:24:14','{\"totals\":{\"money\":\"1.00\"},\"bill\":[{\"tokens\":\"1\",\"item_id\":\"E_Js1cfoJy\"}],\"comment\":\"\",\"paymentMethod\":\"card\"}');
INSERT INTO `transactions` VALUES ('2885326466','DYtx5CtTLZNnFhV5','01746918152','16695049487','2018-12-08 09:30:01','{\"totals\":{\"tokens\":\"2\"},\"bill\":[{\"item_id\":\"donation\",\"tokens\":\"2\"}]}');
INSERT INTO `transactions` VALUES ('2946696246','DYtx5CtTLZNnFhV5','01746918152','anon','2019-01-28 08:38:25','{\"totals\":{\"money\":\"NaN\"},\"bill\":[{\"tokens\":\"1\",\"item_id\":\"E_Js1cfoJy\",\"condition\":\"Reused\"}],\"comment\":\"\",\"paymentMethod\":\"cash\"}');
INSERT INTO `transactions` VALUES ('2981102467','DYtx5CtTLZNnFhV5','01746919992','anon','2018-12-08 05:50:42','{\"totals\":{\"money\":\"1.00\"},\"bill\":[{\"tokens\":\"1\",\"item_id\":\"2H5xJgmGyo\"}],\"comment\":\"\",\"paymentMethod\":\"cash\"}');
INSERT INTO `transactions` VALUES ('3115312547','DYtx5CtTLZNnFhV5','01746919992','anon','2018-12-08 05:59:22','{\"totals\":{\"money\":\"8.00\"},\"bill\":[{\"tokens\":8,\"item_id\":\"pdN6RMaP6S\"}],\"comment\":\"\",\"paymentMethod\":\"cash\"}');
INSERT INTO `transactions` VALUES ('3235366999','DYtx5CtTLZNnFhV5','01746918152','16695049487','2018-12-08 09:19:31','{\"totals\":{\"tokens\":\"5\"},\"bill\":[{\"item_id\":\"donation\",\"tokens\":\"5\"}]}');
INSERT INTO `transactions` VALUES ('3245319532','DYtx5CtTLZNnFhV5','01746918152','anon','2019-02-02 10:36:40','{\"totals\":{\"money\":\"8.00\"},\"bill\":[{\"tokens\":8,\"item_id\":\"pdN6RMaP6S\",\"condition\":null}],\"comment\":\"\",\"paymentMethod\":\"cash\"}');
INSERT INTO `transactions` VALUES ('3479871194','DYtx5CtTLZNnFhV5','01746919992','16695049487','2018-12-08 08:29:17','{\"totals\":{\"tokens\":3,\"money\":0},\"bill\":[{\"tokens\":\"5\",\"item_id\":\"WDwBgfzrS2\"}],\"comment\":\"\",\"discount_info\":{\"WDwBgfzrS2\":50}}');
INSERT INTO `transactions` VALUES ('3481430125','DYtx5CtTLZNnFhV5','01746919992','71443108429','2019-02-08 12:03:39','{\"totals\":{\"tokens\":\"1\"},\"bill\":[{\"item_id\":\"donation\",\"tokens\":\"1\"}]}');
INSERT INTO `transactions` VALUES ('3519040868','DYtx5CtTLZNnFhV5','01746918152','23015296025','2019-04-23 11:40:00','{\"totals\":{\"money\":\"20.00\"},\"bill\":[{\"tokens\":20,\"item_id\":\"v8H4GDSvQ5\",\"condition\":null}],\"comment\":\"\",\"discount_info\":{},\"paymentMethod\":\"cash\"}');
INSERT INTO `transactions` VALUES ('3597491254','DYtx5CtTLZNnFhV5','01746918152','anon','2019-02-02 10:04:04','{\"totals\":{\"money\":\"20.00\"},\"bill\":[{\"tokens\":20,\"item_id\":\"v8H4GDSvQ5\",\"condition\":null}],\"comment\":\"\",\"paymentMethod\":\"cash\"}');
INSERT INTO `transactions` VALUES ('3618227087','DYtx5CtTLZNnFhV5','01746918152','anon','2018-12-08 08:39:34','{\"totals\":{\"money\":\"3.00\"},\"bill\":[{\"tokens\":\"3\",\"item_id\":\"E_Js1cfoJy\"}],\"comment\":\"\",\"paymentMethod\":\"cash\"}');
INSERT INTO `transactions` VALUES ('3651180422','DYtx5CtTLZNnFhV5','01746918152','383039112','2018-12-15 11:58:14','{\"totals\":{\"money\":\"1.60\"},\"bill\":[{\"tokens\":1,\"item_id\":\"2H5xJgmGyo\"},{\"tokens\":1,\"item_id\":\"2H5xJgmGyo\"}],\"comment\":\"\",\"discount_info\":{\"2H5xJgmGyo\":20},\"paymentMethod\":\"card\"}');
INSERT INTO `transactions` VALUES ('3763395058','DYtx5CtTLZNnFhV5','01746919992','12849542116','2019-02-08 09:16:31','{\"totals\":{\"tokens\":\"2\"},\"bill\":[{\"item_id\":\"donation\",\"tokens\":\"2\"}]}');
INSERT INTO `transactions` VALUES ('3784867568','DYtx5CtTLZNnFhV5','01746918152','anon','2019-01-14 12:12:40','{\"totals\":{\"money\":\"1.00\"},\"bill\":[{\"tokens\":\"1\",\"item_id\":\"E_Js1cfoJy\"}],\"comment\":\"\",\"paymentMethod\":\"card\"}');
INSERT INTO `transactions` VALUES ('3792875784','DYtx5CtTLZNnFhV5','01746918152','anon','2018-12-13 17:52:45','{\"totals\":{\"money\":\"1.00\"},\"bill\":[{\"tokens\":\"1\",\"item_id\":\"E_Js1cfoJy\"}],\"comment\":\"\",\"paymentMethod\":\"card\"}');
INSERT INTO `transactions` VALUES ('3833510111',NULL,'01746918155','383039112','2019-01-30 17:11:53','{\"totals\":{\"tokens\":5},\"bill\":[{\"item_id\":\"volunteering\",\"tokens\":5}],\"comment\":\"with Welfare\"}');
INSERT INTO `transactions` VALUES ('3838220029','DYtx5CtTLZNnFhV5','01746918152','anon','2019-02-02 10:05:13','{\"totals\":{\"money\":\"20.00\"},\"bill\":[{\"tokens\":20,\"item_id\":\"v8H4GDSvQ5\",\"condition\":null}],\"comment\":\"\",\"paymentMethod\":\"cash\"}');
INSERT INTO `transactions` VALUES ('3907891993','DYtx5CtTLZNnFhV5','01746918152','anon','2019-01-14 12:09:28','{\"totals\":{\"money\":\"1.00\"},\"bill\":[{\"tokens\":\"1\",\"item_id\":\"E_Js1cfoJy\"}],\"comment\":\"\",\"paymentMethod\":\"card\"}');
INSERT INTO `transactions` VALUES ('3997875358','DYtx5CtTLZNnFhV5','01746918152','12849542116','2018-12-08 09:27:29','{\"totals\":{\"tokens\":\"3\"},\"bill\":[{\"item_id\":\"donation\",\"tokens\":\"3\"}]}');
INSERT INTO `transactions` VALUES ('4002589347','DYtx5CtTLZNnFhV5','01746918152','anon','2019-01-14 06:58:02','{\"totals\":{\"money\":\"1.00\"},\"bill\":[{\"tokens\":\"1\",\"item_id\":\"E_Js1cfoJy\"}],\"comment\":\"\",\"paymentMethod\":\"card\"}');
INSERT INTO `transactions` VALUES ('4120583222','DYtx5CtTLZNnFhV5','01746918152','anon','2018-12-15 12:07:57','{\"totals\":{\"money\":\"1.00\"},\"bill\":[{\"tokens\":1,\"item_id\":\"2H5xJgmGyo\"}],\"comment\":\"\",\"paymentMethod\":\"card\"}');
INSERT INTO `transactions` VALUES ('4138961826','DYtx5CtTLZNnFhV5','01746918152','12849542116','2018-12-08 09:23:35','{\"totals\":{\"tokens\":\"5\"},\"bill\":[{\"item_id\":\"donation\",\"tokens\":\"5\"}]}');
INSERT INTO `transactions` VALUES ('4244127630','DYtx5CtTLZNnFhV5','01746918152','16695049487','2018-12-08 08:57:48','{\"totals\":{\"money\":\"0.67\",\"tokens\":3},\"bill\":[{\"tokens\":\"1\",\"item_id\":\"E_Js1cfoJy\"},{\"tokens\":\"5\",\"item_id\":\"WDwBgfzrS2\"}],\"comment\":\"\",\"discount_info\":{\"E_Js1cfoJy\":33,\"WDwBgfzrS2\":50},\"paymentMethod\":\"cash\"}');
INSERT INTO `transactions` VALUES ('4253766900','DYtx5CtTLZNnFhV5','01746918152','12849542116','2019-01-14 12:18:05','{\"totals\":{\"money\":\"1.00\",\"tokens\":0},\"bill\":[{\"tokens\":\"1.5\",\"item_id\":\"E_Js1cfoJy\"}],\"comment\":\"Test\",\"discount_info\":{\"E_Js1cfoJy\":33},\"paymentMethod\":\"card\"}');
INSERT INTO `transactions` VALUES ('4314844030','DYtx5CtTLZNnFhV5','01746918152','12849542116','2019-01-26 10:45:18','{\"totals\":{\"money\":\"0.00\"},\"bill\":[{\"tokens\":\"0\",\"item_id\":\"YStpi5o60o\"}],\"comment\":\"\",\"discount_info\":{}}');
INSERT INTO `transactions` VALUES ('4323860573',NULL,'automatic','67443160507','2019-01-08 16:59:03','{\"totals\":{\"tokens\":5},\"bill\":[{\"tokens\":\"5\",\"item_id\":\"membership\"}],\"comment\":\"\",\"paymentMethod\":null}');
INSERT INTO `transactions` VALUES ('4353833446','DYtx5CtTLZNnFhV5','01746918152','anon','2018-12-15 12:09:46','{\"totals\":{\"money\":\"1.00\"},\"bill\":[{\"tokens\":\"1\",\"item_id\":\"WDwBgfzrS2\"}],\"comment\":\"\",\"paymentMethod\":\"card\"}');
INSERT INTO `transactions` VALUES ('4365526145','DYtx5CtTLZNnFhV5','automatic','30947926395','2019-04-23 14:44:57','{\"totals\":{\"tokens\":5},\"bill\":[{\"tokens\":\"5\",\"item_id\":\"membership\"}],\"comment\":\"\",\"paymentMethod\":null}');
INSERT INTO `transactions` VALUES ('4369825718','DYtx5CtTLZNnFhV5','01746919992','12849542116','2019-02-07 10:07:09','{\"totals\":{\"tokens\":\"2\"},\"bill\":[{\"item_id\":\"donation\",\"tokens\":\"2\"}]}');
INSERT INTO `transactions` VALUES ('4396228493','DYtx5CtTLZNnFhV5','01746918152','anon','2018-12-13 16:21:40','{\"totals\":{\"money\":\"1.00\"},\"bill\":[{\"tokens\":\"1\",\"item_id\":\"E_Js1cfoJy\"}],\"comment\":\"\",\"paymentMethod\":\"card\"}');
INSERT INTO `transactions` VALUES ('4399711272','DYtx5CtTLZNnFhV5','01746918152','anon','2019-04-23 14:27:40','{\"totals\":{\"money\":\"1.00\"},\"bill\":[{\"tokens\":\"1\",\"item_id\":\"YStpi5o60o\",\"condition\":null}],\"comment\":\"\",\"paymentMethod\":\"cash\"}');
INSERT INTO `transactions` VALUES ('4418096508','DYtx5CtTLZNnFhV5','01746919992','anon','2019-04-23 14:17:32','{\"totals\":{\"money\":\"1.00\"},\"bill\":[{\"tokens\":1,\"item_id\":\"aWcWhc4nGN\",\"condition\":null}],\"comment\":\"1111\",\"paymentMethod\":\"cash\"}');
INSERT INTO `transactions` VALUES ('4421296191','DYtx5CtTLZNnFhV5','01746919992','12849542116','2019-01-31 13:08:55','{\"totals\":{\"tokens\":\"2\"},\"bill\":[{\"item_id\":\"donation\",\"tokens\":\"2\"}]}');
INSERT INTO `transactions` VALUES ('4448221276','DYtx5CtTLZNnFhV5','01746919992','12849542116','2019-04-24 08:05:23','{\"totals\":{\"money\":\"0.00\"},\"bill\":[{\"tokens\":\"0\",\"item_id\":\"YStpi5o60o\",\"condition\":null}],\"comment\":\"\",\"discount_info\":{}}');
INSERT INTO `transactions` VALUES ('4471623316','DYtx5CtTLZNnFhV5','01746918152','anon','2019-01-23 09:57:32','{\"totals\":{\"money\":\"1.00\"},\"bill\":[{\"tokens\":\"1\",\"item_id\":\"E_Js1cfoJy\"}],\"comment\":\"\",\"paymentMethod\":\"cash\"}');
INSERT INTO `transactions` VALUES ('4477408408','DYtx5CtTLZNnFhV5','01746919992','383039112','2018-11-27 21:56:04','{\"totals\":{\"money\":\"0.80\",\"tokens\":0},\"bill\":[{\"tokens\":\"1\",\"item_id\":\"2H5xJgmGyo\"}],\"comment\":\"\",\"discount_info\":{\"2H5xJgmGyo\":20},\"paymentMethod\":\"cash\"}');
INSERT INTO `transactions` VALUES ('4623424618','DYtx5CtTLZNnFhV5','01746918152','anon','2019-02-02 10:20:15','{\"totals\":{\"money\":\"4.00\"},\"bill\":[{\"tokens\":4,\"item_id\":\"v8H4dvscttW\",\"condition\":null}],\"comment\":\"\",\"paymentMethod\":\"cash\"}');
INSERT INTO `transactions` VALUES ('4624021187',NULL,'automatic','68302782691','2019-04-23 14:42:25','{\"totals\":{\"tokens\":5},\"bill\":[{\"tokens\":\"5\",\"item_id\":\"membership\"}],\"comment\":\"\",\"paymentMethod\":null}');
INSERT INTO `transactions` VALUES ('4630582640','DYtx5CtTLZNnFhV5','automatic','44277364461','2019-02-27 08:00:53','{\"totals\":{\"tokens\":5},\"bill\":[{\"tokens\":\"5\",\"item_id\":\"membership\"}],\"comment\":\"\",\"paymentMethod\":null}');
INSERT INTO `transactions` VALUES ('4667046680','DYtx5CtTLZNnFhV5','01746919992','383039112','2018-11-27 21:21:20','{\"totals\":{\"tokens\":3,\"money\":0},\"bill\":[{\"tokens\":\"5\",\"item_id\":\"WDwBgfzrS2\"}],\"comment\":\"Member\'s only discount(s) applied: 50% off Toaster\"}');
INSERT INTO `transactions` VALUES ('4696267544','DYtx5CtTLZNnFhV5','01746919992','12849542116','2019-02-07 09:59:33','{\"totals\":{\"tokens\":\"1\"},\"bill\":[{\"item_id\":\"donation\",\"tokens\":\"1\"}]}');
INSERT INTO `transactions` VALUES ('4791948996','DYtx5CtTLZNnFhV5','01746919992','383039112','2018-12-08 06:04:21','{\"totals\":{\"money\":\"1.60\",\"tokens\":0},\"bill\":[{\"tokens\":\"2\",\"item_id\":\"2H5xJgmGyo\"}],\"comment\":\"\",\"discount_info\":{\"2H5xJgmGyo\":20},\"paymentMethod\":\"cash\"}');
INSERT INTO `transactions` VALUES ('4838511820','DYtx5CtTLZNnFhV5','01746918152','anon','2019-01-23 09:56:40','{\"totals\":{\"money\":\"1.00\"},\"bill\":[{\"tokens\":\"1\",\"item_id\":\"WDwBgfzrS2\"}],\"comment\":\"\",\"paymentMethod\":\"cash\"}');
INSERT INTO `transactions` VALUES ('4981291687','DYtx5CtTLZNnFhV5','01746918152','16695049487','2018-12-08 08:53:27','{\"totals\":{\"tokens\":3,\"money\":0},\"bill\":[{\"tokens\":\"5\",\"item_id\":\"WDwBgfzrS2\"}],\"comment\":\"\",\"discount_info\":{\"WDwBgfzrS2\":50}}');
INSERT INTO `transactions` VALUES ('5040371456','DYtx5CtTLZNnFhV5','01746919992','12849542116','2018-12-08 06:31:42','{\"totals\":{\"money\":\"0.80\",\"tokens\":0},\"bill\":[{\"tokens\":\"1\",\"item_id\":\"2H5xJgmGyo\"}],\"comment\":\"\",\"discount_info\":{\"2H5xJgmGyo\":20},\"paymentMethod\":\"cash\"}');
INSERT INTO `transactions` VALUES ('5070790925','DYtx5CtTLZNnFhV5','01746918152','anon','2018-12-15 07:17:33','{\"totals\":{\"money\":\"1.00\"},\"bill\":[{\"tokens\":1,\"item_id\":\"2H5xJgmGyo\"}],\"comment\":\"\",\"paymentMethod\":\"card\"}');
INSERT INTO `transactions` VALUES ('5084382368','DYtx5CtTLZNnFhV5','01746918152','anon','2019-02-02 10:44:29','{\"totals\":{\"money\":\"8.00\"},\"bill\":[{\"tokens\":8,\"item_id\":\"pdN6RMaP6S\",\"condition\":null}],\"comment\":\"\",\"paymentMethod\":\"card\"}');
INSERT INTO `transactions` VALUES ('5180960562','DYtx5CtTLZNnFhV5','01746918152','anon','2019-01-14 07:19:33','{\"totals\":{\"money\":\"1.00\"},\"bill\":[{\"tokens\":\"1\",\"item_id\":\"E_Js1cfoJy\"}],\"comment\":\"\",\"paymentMethod\":\"card\"}');
INSERT INTO `transactions` VALUES ('5199444858','DYtx5CtTLZNnFhV5','01746918152','12849542116','2019-01-07 11:30:06','{\"totals\":{\"tokens\":\"5\"},\"bill\":[{\"item_id\":\"donation\",\"tokens\":\"5\"}]}');
INSERT INTO `transactions` VALUES ('5226794461','DYtx5CtTLZNnFhV5','01746918152','anon','2018-12-13 16:34:26','{\"totals\":{\"money\":\"1.00\"},\"bill\":[{\"tokens\":\"1\",\"item_id\":\"2H5xJgmGyo\"}],\"comment\":\"\",\"paymentMethod\":\"card\"}');
INSERT INTO `transactions` VALUES ('5289896808','RKreaw5PjCr6Bxgg','01746918152','anon','2018-12-08 09:58:46','{\"totals\":{\"money\":\"8.00\"},\"bill\":[{\"tokens\":8,\"item_id\":\"pdN6RMaP6S\"}],\"comment\":\"\",\"paymentMethod\":\"cash\"}');
INSERT INTO `transactions` VALUES ('5296954867','DYtx5CtTLZNnFhV5','01746918152','anon','2019-01-14 09:20:36','{\"totals\":{\"money\":\"1.00\"},\"bill\":[{\"tokens\":\"1\",\"item_id\":\"E_Js1cfoJy\"}],\"comment\":\"\",\"paymentMethod\":\"card\"}');
INSERT INTO `transactions` VALUES ('5315772532','DYtx5CtTLZNnFhV5','01746919992','anon','2019-04-24 08:02:29','{\"totals\":{\"money\":\"1.00\"},\"bill\":[{\"tokens\":\"1\",\"item_id\":\"YStpi5o60o\",\"condition\":null}],\"comment\":\"\",\"paymentMethod\":\"cash\"}');
INSERT INTO `transactions` VALUES ('5421654253','DYtx5CtTLZNnFhV5','01746918152','anon','2018-12-08 09:03:20','{\"totals\":{\"money\":\"5.00\"},\"bill\":[{\"tokens\":\"5\",\"item_id\":\"E_Js1cfoJy\"}],\"comment\":\"\",\"paymentMethod\":\"cash\"}');
INSERT INTO `transactions` VALUES ('5451959122','DYtx5CtTLZNnFhV5','01746918152','anon','2018-11-22 23:16:53','{\"totals\":{\"money\":\"20.00\"},\"bill\":[{\"tokens\":20,\"item_id\":\"v8H4GDSvQ5\"}],\"paymentMethod\":\"cash\"}');
INSERT INTO `transactions` VALUES ('5685934907','DYtx5CtTLZNnFhV5','01746918152','anon','2019-02-02 10:46:11','{\"totals\":{\"money\":\"1.00\"},\"bill\":[{\"tokens\":\"1\",\"item_id\":\"E_Js1cfoJy\",\"condition\":\"Bought New\"}],\"comment\":\"\",\"paymentMethod\":\"cash\"}');
INSERT INTO `transactions` VALUES ('5688920379',NULL,'01746919992','383039112','2019-01-30 10:23:10','{\"totals\":{\"tokens\":3},\"bill\":[{\"item_id\":\"volunteering\",\"tokens\":3}],\"comment\":\"with Swapshop\"}');
INSERT INTO `transactions` VALUES ('5842204594','DYtx5CtTLZNnFhV5','01746918152','anon','2018-12-08 08:59:02','{\"totals\":{\"money\":\"1.00\"},\"bill\":[{\"tokens\":\"1\",\"item_id\":\"2H5xJgmGyo\"}],\"comment\":\"\",\"paymentMethod\":\"cash\"}');
INSERT INTO `transactions` VALUES ('5937976189','DYtx5CtTLZNnFhV5','01746919992','12849542116','2019-01-31 14:18:30','{\"totals\":{\"tokens\":\"2\"},\"bill\":[{\"item_id\":\"donation\",\"tokens\":\"2\"}]}');
INSERT INTO `transactions` VALUES ('6125672320','DYtx5CtTLZNnFhV5','automatic','45032457340','2019-04-23 14:31:20','{\"totals\":{\"tokens\":5},\"bill\":[{\"tokens\":\"5\",\"item_id\":\"membership\"}],\"comment\":\"\",\"paymentMethod\":null}');
INSERT INTO `transactions` VALUES ('6130029279','DYtx5CtTLZNnFhV5','01746918152','12849542116','2019-02-02 11:01:41','{\"totals\":{\"money\":\"8.00\"},\"bill\":[{\"tokens\":8,\"item_id\":\"pdN6RMaP6S\",\"condition\":null}],\"comment\":\"\",\"discount_info\":{},\"paymentMethod\":\"card\"}');
INSERT INTO `transactions` VALUES ('6145662549','DYtx5CtTLZNnFhV5','01746918152','12849542116','2018-12-08 09:26:50','{\"totals\":{\"tokens\":\"2\"},\"bill\":[{\"item_id\":\"donation\",\"tokens\":\"2\"}]}');
INSERT INTO `transactions` VALUES ('6244855169',NULL,'automatic','23015296025','2019-04-08 10:10:08','{\"totals\":{\"tokens\":5},\"bill\":[{\"tokens\":\"5\",\"item_id\":\"membership\"}],\"comment\":\"\",\"paymentMethod\":null}');
INSERT INTO `transactions` VALUES ('6440640910','DYtx5CtTLZNnFhV5','23103033636','anon','2019-04-02 13:27:30','{\"totals\":{\"money\":\"10.00\"},\"bill\":[{\"tokens\":\"10\",\"item_id\":\"YStpi5o60o\",\"condition\":null}],\"comment\":\"\",\"paymentMethod\":\"cash\"}');
INSERT INTO `transactions` VALUES ('6546524949','DYtx5CtTLZNnFhV5','01746918152','12849542116','2019-02-02 11:00:43','{\"totals\":{\"money\":\"8.00\"},\"bill\":[{\"tokens\":8,\"item_id\":\"pdN6RMaP6S\",\"condition\":null}],\"comment\":\"\",\"discount_info\":{},\"paymentMethod\":\"card\"}');
INSERT INTO `transactions` VALUES ('6563641487','DYtx5CtTLZNnFhV5','01746918152','anon','2019-01-28 08:39:32','{\"totals\":{\"money\":\"1.00\"},\"bill\":[{\"tokens\":\"1\",\"item_id\":\"E_Js1cfoJy\",\"condition\":\"Reused\"}],\"comment\":\"\",\"paymentMethod\":\"cash\"}');
INSERT INTO `transactions` VALUES ('6566100695','DYtx5CtTLZNnFhV5','01746918152','anon','2019-04-23 11:59:16','{\"totals\":{\"money\":\"1.00\"},\"bill\":[{\"tokens\":1,\"item_id\":\"2H5xJgmGyo\",\"condition\":null}],\"comment\":\"\",\"paymentMethod\":\"cash\"}');
INSERT INTO `transactions` VALUES ('6581407595','DYtx5CtTLZNnFhV5','01746919992','12849542116','2019-02-08 09:18:13','{\"totals\":{\"tokens\":\"1\"},\"bill\":[{\"item_id\":\"donation\",\"tokens\":\"1\"}]}');
INSERT INTO `transactions` VALUES ('6590281049','DYtx5CtTLZNnFhV5','01746918152','23015296025','2019-04-23 11:39:40','{\"totals\":{\"money\":\"1.00\",\"tokens\":0},\"bill\":[{\"tokens\":\"1\",\"item_id\":\"52628516309\",\"condition\":null}],\"comment\":\"\",\"discount_info\":{},\"paymentMethod\":\"cash\"}');
INSERT INTO `transactions` VALUES ('6635422313','DYtx5CtTLZNnFhV5','01746918152','anon','2018-12-15 12:02:34','{\"totals\":{\"money\":\"1.00\"},\"bill\":[{\"tokens\":1,\"item_id\":\"2H5xJgmGyo\"}],\"comment\":\"\",\"paymentMethod\":\"card\"}');
INSERT INTO `transactions` VALUES ('6702417995','DYtx5CtTLZNnFhV5','01746918152','anon','2019-04-23 14:30:28','{\"totals\":{\"money\":\"1.00\"},\"bill\":[{\"tokens\":\"1\",\"item_id\":\"E_Js1cfoJy\",\"condition\":\"Bought New\"}],\"comment\":\"\",\"paymentMethod\":\"cash\"}');
INSERT INTO `transactions` VALUES ('6756814889','DYtx5CtTLZNnFhV5','01746918152','anon','2019-02-02 10:19:41','{\"totals\":{\"money\":\"4.00\"},\"bill\":[{\"tokens\":4,\"item_id\":\"v8H4dvscttW\",\"condition\":null}],\"comment\":\"\",\"paymentMethod\":\"cash\"}');
INSERT INTO `transactions` VALUES ('6800903621','DYtx5CtTLZNnFhV5','01746919992','12849542116','2019-02-07 10:06:18','{\"totals\":{\"tokens\":\"1\"},\"bill\":[{\"item_id\":\"donation\",\"tokens\":\"1\"}]}');
INSERT INTO `transactions` VALUES ('6838843529','DYtx5CtTLZNnFhV5','01746918152','12849542116','2019-01-14 12:36:51','{\"totals\":{\"tokens\":\"5\"},\"bill\":[{\"item_id\":\"donation\",\"tokens\":\"5\"}]}');
INSERT INTO `transactions` VALUES ('6889166699','DYtx5CtTLZNnFhV5','01746918152','anon','2019-01-28 08:36:17','{\"totals\":{\"money\":\"1.00\"},\"bill\":[{\"tokens\":\"1\",\"item_id\":\"E_Js1cfoJy\",\"condition\":null}],\"comment\":\"\",\"paymentMethod\":\"cash\"}');
INSERT INTO `transactions` VALUES ('6961464917','DYtx5CtTLZNnFhV5','01746919992','12849542116','2019-01-31 13:07:50','{\"totals\":{\"tokens\":\"3\"},\"bill\":[{\"item_id\":\"donation\",\"tokens\":\"3\"}]}');
INSERT INTO `transactions` VALUES ('7010488207','DYtx5CtTLZNnFhV5','01746919992','383039112','2018-12-08 06:29:14','{\"totals\":{\"money\":\"8.00\"},\"bill\":[{\"tokens\":8,\"item_id\":\"pdN6RMaP6S\"}],\"comment\":\"\",\"discount_info\":{},\"paymentMethod\":\"card\"}');
INSERT INTO `transactions` VALUES ('7031676219','DYtx5CtTLZNnFhV5','01746918152','anon','2019-02-02 10:46:21','{\"totals\":{\"money\":\"8.00\"},\"bill\":[{\"tokens\":8,\"item_id\":\"pdN6RMaP6S\",\"condition\":null}],\"comment\":\"\",\"paymentMethod\":\"card\"}');
INSERT INTO `transactions` VALUES ('7066030053','DYtx5CtTLZNnFhV5','01746919992','12849542116','2019-01-18 09:04:38','{\"totals\":{\"tokens\":\"1\"},\"bill\":[{\"item_id\":\"donation\",\"tokens\":\"1\"}]}');
INSERT INTO `transactions` VALUES ('7150924219','DYtx5CtTLZNnFhV5','01746919992','anon','2019-04-24 08:19:32','{\"totals\":{\"money\":\"0.00\"},\"bill\":[{\"tokens\":\"0\",\"item_id\":\"YStpi5o60o\",\"condition\":null}],\"comment\":\"\",\"paymentMethod\":null}');
INSERT INTO `transactions` VALUES ('7152800992','DYtx5CtTLZNnFhV5','01746919992','anon','2018-12-21 17:21:48','{\"totals\":{\"money\":\"1.00\"},\"bill\":[{\"tokens\":1,\"item_id\":\"2H5xJgmGyo\"}],\"comment\":\"\",\"paymentMethod\":\"cash\"}');
INSERT INTO `transactions` VALUES ('7160276395','DYtx5CtTLZNnFhV5','01746919992','12849542116','2018-11-27 22:09:57','{\"totals\":{\"money\":\"0.00\"},\"bill\":[{\"tokens\":\"0\",\"item_id\":\"WDwBgfzrS2\"}],\"comment\":\"\",\"discount_info\":{\"WDwBgfzrS2\":50}}');
INSERT INTO `transactions` VALUES ('7187128727','DYtx5CtTLZNnFhV5','01746918152','383039112','2018-12-13 17:36:20','{\"totals\":{\"money\":\"1.11\"},\"bill\":[{\"tokens\":\"1.66\",\"item_id\":\"E_Js1cfoJy\"}],\"comment\":\"\",\"discount_info\":{\"E_Js1cfoJy\":33},\"paymentMethod\":\"card\"}');
INSERT INTO `transactions` VALUES ('7191939941','DYtx5CtTLZNnFhV5','01746918152','anon','2019-01-14 07:43:43','{\"totals\":{\"money\":\"1.00\"},\"bill\":[{\"tokens\":\"1\",\"item_id\":\"E_Js1cfoJy\"}],\"comment\":\"\",\"paymentMethod\":\"card\"}');
INSERT INTO `transactions` VALUES ('7193837088','DYtx5CtTLZNnFhV5','01746919992','anon','2018-12-11 12:59:10','{\"totals\":{\"money\":\"1.00\"},\"bill\":[{\"tokens\":\"1\",\"item_id\":\"2H5xJgmGyo\"}],\"comment\":\"\",\"paymentMethod\":\"cash\"}');
INSERT INTO `transactions` VALUES ('7216900946','DYtx5CtTLZNnFhV5','01746919992','383039112','2018-11-27 21:47:21','{\"totals\":{\"tokens\":5,\"money\":0},\"bill\":[{\"tokens\":\"10\",\"item_id\":\"WDwBgfzrS2\"}],\"comment\":\"\",\"discount_info\":{\"WDwBgfzrS2\":50}}');
INSERT INTO `transactions` VALUES ('7347371775','DYtx5CtTLZNnFhV5','01746918152','anon','2018-12-13 17:45:41','{\"totals\":{\"money\":\"1.00\"},\"bill\":[{\"tokens\":\"1\",\"item_id\":\"E_Js1cfoJy\"}],\"comment\":\"\",\"paymentMethod\":\"card\"}');
INSERT INTO `transactions` VALUES ('7517838404','DYtx5CtTLZNnFhV5','01746918152','anon','2018-12-08 08:58:38','{\"totals\":{\"money\":\"1.00\"},\"bill\":[{\"tokens\":\"1\",\"item_id\":\"2H5xJgmGyo\"}],\"comment\":\"\",\"paymentMethod\":\"cash\"}');
INSERT INTO `transactions` VALUES ('7527122632','DYtx5CtTLZNnFhV5','01746918152','383039112','2018-12-08 09:28:23','{\"totals\":{\"tokens\":\"4\"},\"bill\":[{\"item_id\":\"donation\",\"tokens\":\"4\"}]}');
INSERT INTO `transactions` VALUES ('7567917426',NULL,'automatic','63335220204','2019-01-22 20:41:43','{\"totals\":{\"tokens\":5},\"bill\":[{\"tokens\":\"5\",\"item_id\":\"membership\"}],\"comment\":\"\",\"paymentMethod\":null}');
INSERT INTO `transactions` VALUES ('7596622337','DYtx5CtTLZNnFhV5','01746919992','anon','2019-02-27 07:58:12','{\"totals\":{\"money\":\"1.00\"},\"bill\":[{\"tokens\":\"1\",\"item_id\":\"YStpi5o60o\",\"condition\":null}],\"comment\":\"\",\"paymentMethod\":\"cash\"}');
INSERT INTO `transactions` VALUES ('7610383775','DYtx5CtTLZNnFhV5','01746918152','anon','2019-01-14 09:16:20','{\"totals\":{\"money\":\"1.00\"},\"bill\":[{\"tokens\":\"1\",\"item_id\":\"E_Js1cfoJy\"}],\"comment\":\"\",\"paymentMethod\":\"card\"}');
INSERT INTO `transactions` VALUES ('7659658556','DYtx5CtTLZNnFhV5','01746918152','anon','2019-01-14 07:11:59','{\"totals\":{\"money\":\"1.00\"},\"bill\":[{\"tokens\":\"1\",\"item_id\":\"E_Js1cfoJy\"}],\"comment\":\"\",\"paymentMethod\":\"card\"}');
INSERT INTO `transactions` VALUES ('7819539729','DYtx5CtTLZNnFhV5','01746919992','12849542116','2019-02-08 09:15:13','{\"totals\":{\"tokens\":\"2\"},\"bill\":[{\"item_id\":\"donation\",\"tokens\":\"2\"}]}');
INSERT INTO `transactions` VALUES ('8094618773','DYtx5CtTLZNnFhV5','01746918152','anon','2018-12-08 08:59:17','{\"totals\":{\"money\":\"1.00\"},\"bill\":[{\"tokens\":\"1\",\"item_id\":\"2H5xJgmGyo\"}],\"comment\":\"\",\"paymentMethod\":\"cash\"}');
INSERT INTO `transactions` VALUES ('8170744645',NULL,'automatic','22581214864','2019-01-08 17:00:16','{\"totals\":{\"tokens\":5},\"bill\":[{\"tokens\":\"5\",\"item_id\":\"membership\"}],\"comment\":\"\",\"paymentMethod\":null}');
INSERT INTO `transactions` VALUES ('8174909402','DYtx5CtTLZNnFhV5','01746918152','anon','2019-02-02 10:06:38','{\"totals\":{\"money\":\"20.00\"},\"bill\":[{\"tokens\":20,\"item_id\":\"v8H4GDSvQ5\",\"condition\":null}],\"comment\":\"\",\"paymentMethod\":\"cash\"}');
INSERT INTO `transactions` VALUES ('8221864696','DYtx5CtTLZNnFhV5','01746919992','12849542116','2019-04-05 09:51:21','{\"totals\":{\"money\":\"0.80\",\"tokens\":0},\"bill\":[{\"tokens\":1,\"item_id\":\"2H5xJgmGyo\",\"condition\":null}],\"comment\":\"\",\"discount_info\":{\"2H5xJgmGyo\":20},\"paymentMethod\":\"cash\"}');
INSERT INTO `transactions` VALUES ('8351326180','DYtx5CtTLZNnFhV5','01746918152','anon','2018-12-15 12:07:06','{\"totals\":{\"money\":\"1.00\"},\"bill\":[{\"tokens\":1,\"item_id\":\"2H5xJgmGyo\"}],\"comment\":\"\",\"paymentMethod\":\"card\"}');
INSERT INTO `transactions` VALUES ('8382460095','DYtx5CtTLZNnFhV5','01746918152','12849542116','2018-12-13 16:35:16','{\"totals\":{\"money\":\"1.00\"},\"bill\":[{\"tokens\":\"1.25\",\"item_id\":\"2H5xJgmGyo\"}],\"comment\":\"\",\"discount_info\":{\"2H5xJgmGyo\":20},\"paymentMethod\":\"card\"}');
INSERT INTO `transactions` VALUES ('8440905474','DYtx5CtTLZNnFhV5','01746918152','anon','2018-12-13 17:47:40','{\"totals\":{\"money\":\"1.00\"},\"bill\":[{\"tokens\":\"1\",\"item_id\":\"E_Js1cfoJy\"}],\"comment\":\"\",\"paymentMethod\":\"card\"}');
INSERT INTO `transactions` VALUES ('8460320710','DYtx5CtTLZNnFhV5','01746918152','anon','2019-01-29 10:09:30','{\"totals\":{\"money\":\"1.00\"},\"bill\":[{\"tokens\":1,\"item_id\":\"2H5xJgmGyo\",\"condition\":null}],\"comment\":\"\",\"paymentMethod\":\"cash\"}');
INSERT INTO `transactions` VALUES ('8542149879','DYtx5CtTLZNnFhV5','01746918152','12849542116','2018-12-13 17:20:45','{\"totals\":{\"money\":\"1.00\"},\"bill\":[{\"tokens\":\"1.25\",\"item_id\":\"2H5xJgmGyo\"}],\"comment\":\"\",\"discount_info\":{\"2H5xJgmGyo\":20},\"paymentMethod\":\"card\"}');
INSERT INTO `transactions` VALUES ('8776823215','DYtx5CtTLZNnFhV5','01746919992','12849542116','2019-01-31 13:08:35','{\"totals\":{\"tokens\":\"2\"},\"bill\":[{\"item_id\":\"donation\",\"tokens\":\"2\"}]}');
INSERT INTO `transactions` VALUES ('8858591663','DYtx5CtTLZNnFhV5','01746918152','12849542116','2019-01-28 08:57:00','{\"totals\":{\"money\":\"1.00\",\"tokens\":0},\"bill\":[{\"tokens\":\"1\",\"item_id\":\"wo2IPpXSgl\",\"condition\":\"Reused\"}],\"comment\":\"\",\"discount_info\":{},\"paymentMethod\":\"cash\"}');
INSERT INTO `transactions` VALUES ('8872272531','DYtx5CtTLZNnFhV5','01746918152','anon','2019-01-23 10:13:34','{\"totals\":{\"money\":\"1.00\"},\"bill\":[{\"tokens\":\"1\",\"item_id\":\"E_Js1cfoJy\"}],\"comment\":\"\",\"paymentMethod\":\"cash\"}');
INSERT INTO `transactions` VALUES ('8917072922','DYtx5CtTLZNnFhV5','01746918152','12849542116','2018-11-28 12:07:58','{\"totals\":{\"money\":\"2.50\"},\"bill\":[{\"tokens\":\"5\",\"item_id\":\"WDwBgfzrS2\"}],\"comment\":\"\",\"discount_info\":{\"WDwBgfzrS2\":50},\"paymentMethod\":\"cash\"}');
INSERT INTO `transactions` VALUES ('9038951507','DYtx5CtTLZNnFhV5','01746918152','12849542116','2019-02-02 11:00:28','{\"totals\":{\"money\":\"4.00\"},\"bill\":[{\"tokens\":4,\"item_id\":\"v8H4dvscttW\",\"condition\":null}],\"comment\":\"\",\"discount_info\":{},\"paymentMethod\":\"cash\"}');
INSERT INTO `transactions` VALUES ('9130656340','DYtx5CtTLZNnFhV5','01746919992','12849542116','2018-11-27 20:53:28','{\"totals\":{\"money\":\"6.80\",\"tokens\":4},\"bill\":[{\"tokens\":\"1\",\"item_id\":\"2H5xJgmGyo\"},{\"tokens\":\"20\",\"item_id\":\"WDwBgfzrS2\"}],\"comment\":\"\",\"paymentMethod\":\"cash\"}');
INSERT INTO `transactions` VALUES ('9139697715','DYtx5CtTLZNnFhV5','01746919992','anon','2019-04-24 08:18:36','{\"totals\":{\"money\":\"1.00\"},\"bill\":[{\"tokens\":\"1\",\"item_id\":\"YStpi5o60o\",\"condition\":null}],\"comment\":\"\",\"paymentMethod\":\"cash\"}');
INSERT INTO `transactions` VALUES ('9166663625','DYtx5CtTLZNnFhV5','01746919992','12849542116','2019-02-08 09:17:27','{\"totals\":{\"tokens\":\"1\"},\"bill\":[{\"item_id\":\"donation\",\"tokens\":\"1\"}]}');
INSERT INTO `transactions` VALUES ('9173415531','DYtx5CtTLZNnFhV5','01746919992','anon','2019-04-24 08:19:42','{\"totals\":{\"money\":\"0.00\"},\"bill\":[{\"tokens\":\"0\",\"item_id\":\"E_Js1cfoJy\",\"condition\":\"Reused\"}],\"comment\":\"\",\"paymentMethod\":null}');
INSERT INTO `transactions` VALUES ('9305303836','DYtx5CtTLZNnFhV5','01746918152','anon','2019-01-28 08:44:15','{\"totals\":{\"money\":\"1.00\"},\"bill\":[{\"tokens\":\"1\",\"item_id\":\"E_Js1cfoJy\",\"condition\":\"Bought New\"}],\"comment\":\"\",\"paymentMethod\":\"cash\"}');
INSERT INTO `transactions` VALUES ('9331903852','DYtx5CtTLZNnFhV5','01746918152','anon','2019-02-23 18:00:24','{\"totals\":{\"money\":\"6.00\"},\"bill\":[{\"tokens\":\"1\",\"item_id\":\"kQSjvdg9_S\",\"condition\":null},{\"tokens\":\"5\",\"item_id\":\"E_Js1cfoJy\",\"condition\":\"Bought New\"}],\"comment\":\"\",\"paymentMethod\":\"cash\"}');
INSERT INTO `transactions` VALUES ('9572271321','DYtx5CtTLZNnFhV5','01746919992','12849542116','2018-11-27 20:58:53','{\"totals\":{\"money\":\"5.00\",\"tokens\":0},\"bill\":[{\"tokens\":\"10\",\"item_id\":\"WDwBgfzrS2\"}],\"comment\":\"<br />Member\'s only discount applied.\",\"paymentMethod\":\"cash\"}');
INSERT INTO `transactions` VALUES ('9632915272',NULL,'automatic','94523566947','2019-02-11 14:03:09','{\"totals\":{\"tokens\":5},\"bill\":[{\"tokens\":\"5\",\"item_id\":\"membership\"}],\"comment\":\"\",\"paymentMethod\":null}');
INSERT INTO `transactions` VALUES ('9679101882','DYtx5CtTLZNnFhV5','01746919992','12849542116','2019-02-27 07:58:26','{\"totals\":{\"money\":\"0.80\",\"tokens\":0},\"bill\":[{\"tokens\":1,\"item_id\":\"2H5xJgmGyo\",\"condition\":null}],\"comment\":\"\",\"discount_info\":{\"2H5xJgmGyo\":20},\"paymentMethod\":\"cash\"}');
INSERT INTO `transactions` VALUES ('9725427181','DYtx5CtTLZNnFhV5','01746919992','12849542116','2018-11-27 21:01:20','{\"totals\":{\"money\":\"2.50\"},\"bill\":[{\"tokens\":\"5\",\"item_id\":\"WDwBgfzrS2\"}],\"comment\":\"Member\'s only discount applied.\",\"paymentMethod\":\"card\"}');
INSERT INTO `transactions` VALUES ('9874591437','DYtx5CtTLZNnFhV5','01746918152','12849542116','2019-04-23 11:33:15','{\"totals\":{\"tokens\":\"2\"},\"bill\":[{\"item_id\":\"donation\",\"tokens\":\"2\"}]}');
INSERT INTO `transactions` VALUES ('9886002990','DYtx5CtTLZNnFhV5','01746918152','383039112','2019-01-26 13:41:25','{\"totals\":{\"money\":\"4.00\"},\"bill\":[{\"tokens\":4,\"item_id\":\"v8H4dvscttW\"}],\"comment\":\"\",\"discount_info\":{},\"paymentMethod\":\"cash\"}');
INSERT INTO `transactions` VALUES ('9911908466','DYtx5CtTLZNnFhV5','01746918152','12849542116','2019-01-24 16:21:02','{\"totals\":{\"tokens\":\"2\"},\"bill\":[{\"item_id\":\"donation\",\"tokens\":\"2\"}]}');
INSERT INTO `transactions` VALUES ('9927781119','DYtx5CtTLZNnFhV5','01746918152','anon','2019-02-02 10:02:44','{\"totals\":{\"money\":\"4.00\"},\"bill\":[{\"tokens\":4,\"item_id\":\"v8H4dvscttW\",\"condition\":null}],\"comment\":\"\",\"paymentMethod\":\"cash\"}');
INSERT INTO `transactions` VALUES ('9933847409','DYtx5CtTLZNnFhV5','01746918152','anon','2019-02-02 10:33:13','{\"totals\":{\"money\":\"4.00\"},\"bill\":[{\"tokens\":4,\"item_id\":\"v8H4dvscttW\",\"condition\":null}],\"comment\":\"\",\"paymentMethod\":\"cash\"}');
/*!40000 ALTER TABLE `transactions` ENABLE KEYS */;
UNLOCK TABLES;

--
-- Table structure for table `volunteer_checkins`
--

DROP TABLE IF EXISTS `volunteer_checkins`;
/*!40101 SET @saved_cs_client     = @@character_set_client */;
/*!40101 SET character_set_client = utf8 */;
CREATE TABLE `volunteer_checkins` (
  `checkin_id` varchar(25) NOT NULL,
  `member_id` varchar(11) NOT NULL,
  `user_id` varchar(11) NOT NULL,
  `questionnaire` text NOT NULL,
  `timestamp` timestamp NOT NULL DEFAULT CURRENT_TIMESTAMP ON UPDATE CURRENT_TIMESTAMP,
  PRIMARY KEY (`checkin_id`)
) ENGINE=InnoDB DEFAULT CHARSET=latin1;
/*!40101 SET character_set_client = @saved_cs_client */;

--
-- Dumping data for table `volunteer_checkins`
--

LOCK TABLES `volunteer_checkins` WRITE;
/*!40000 ALTER TABLE `volunteer_checkins` DISABLE KEYS */;
INSERT INTO `volunteer_checkins` VALUES ('4CKAKr2Yk1','14971713977','01746919992','{\"W7cnfJVW\":\"a\",\"DuRN9396\":\"a\",\"tfM2S2R4\":\"a\",\"ykCcA43Z\":\"a\"}','2019-04-02 16:33:06');
INSERT INTO `volunteer_checkins` VALUES ('A2cRzFjaOZ','14004524227','01746918155','{\"W7cnfJVW\":\"asd\",\"DuRN9396\":\"asd\",\"tfM2S2R4\":\"asd\",\"ykCcA43Z\":\"asd\"}','2019-04-01 23:55:15');
INSERT INTO `volunteer_checkins` VALUES ('ApAnHgUFcY','14971713977','01746919992','{\"W7cnfJVW\":\"a\",\"DuRN9396\":\"aa\",\"tfM2S2R4\":\"a\",\"ykCcA43Z\":\"a\"}','2019-03-25 08:51:47');
INSERT INTO `volunteer_checkins` VALUES ('GD9kHYSRu6','383039112','01746919992','{\"W7cnfJVW\":\"a\",\"DuRN9396\":\"a\",\"tfM2S2R4\":\"a\",\"ykCcA43Z\":\"a\",\"Zmumsq7X\":\"a\"}','2019-04-19 10:59:06');
INSERT INTO `volunteer_checkins` VALUES ('RcaW9c48pM','383039112','01746919992','{\"W7cnfJVW\":\"asd\",\"DuRN9396\":\"asdasdas\",\"tfM2S2R4\":\"dasdasds\",\"ykCcA43Z\":\"dasdasdasd\"}','2019-03-07 09:12:25');
INSERT INTO `volunteer_checkins` VALUES ('UtAZBHSGpf','29036707394','01746919992','{\"W7cnfJVW\":\"asdas\",\"DuRN9396\":\"dasdasd\",\"tfM2S2R4\":\"asdasdasd\",\"ykCcA43Z\":\"asdasdasd\"}','2019-03-07 08:24:54');
INSERT INTO `volunteer_checkins` VALUES ('Vh6H1sr0Pp','14971713977','01746919992','{\"W7cnfJVW\":\"Lorem ipsum dolor sit amet, consectetur adipiscing elit. Etiam at semper turpis, ut auctor leo. Praesent mauris ante, cursus sit amet eros ac, venenatis bibendum arcu. \",\"DuRN9396\":\"Nullam lacinia ex libero, ac interdum risus pharetra non. Proin arcu urna, scelerisque vel arcu quis, pharetra gravida ipsum. Aliquam auctor posuere libero. Nam sodales tortor ut luctus malesuada. Donec tempus nulla id elit convallis tristique. Aenean quis malesuada tellus, nec auctor tellus. Nunc facilisis sit amet sem ac dictum. Quisque porttitor nulla vel libero molestie, vitae iaculis massa porta. Praesent sed viverra turpis. Curabitur scelerisque, turpis id sodales vestibulum, magna ex porttitor felis, eu cursus felis erat ac velit\",\"tfM2S2R4\":\"Donec auctor egestas justo, non finibus tortor vulputate vitae. Donec lacinia sollicitudin tellus, eget laoreet ipsum elementum ac. Aliquam magna mauris, pellentesque vitae vulputate at, cursus sed mauris. Aenean blandit pulvinar turpis, at rhoncus ipsum iaculis vitae\",\"ykCcA43Z\":\"Sed condimentum facilisis turpis et interdum. Pellentesque nunc tortor, suscipit id semper in, lobortis sed odio. Curabitur id enim molestie tortor ornare maximus.\"}','2019-03-07 09:22:29');
/*!40000 ALTER TABLE `volunteer_checkins` ENABLE KEYS */;
UNLOCK TABLES;

--
-- Table structure for table `volunteer_hours`
--

DROP TABLE IF EXISTS `volunteer_hours`;
/*!40101 SET @saved_cs_client     = @@character_set_client */;
/*!40101 SET character_set_client = utf8 */;
CREATE TABLE `volunteer_hours` (
  `shift_id` varchar(11) NOT NULL,
  `member_id` varchar(11) NOT NULL,
  `date` date NOT NULL,
  `duration_as_decimal` float NOT NULL,
  `working_group` varchar(10) NOT NULL,
  `note` text,
  `approved` tinyint(1) DEFAULT NULL,
  PRIMARY KEY (`shift_id`)
) ENGINE=InnoDB DEFAULT CHARSET=utf8;
/*!40101 SET character_set_client = @saved_cs_client */;

--
-- Dumping data for table `volunteer_hours`
--

LOCK TABLES `volunteer_hours` WRITE;
/*!40000 ALTER TABLE `volunteer_hours` DISABLE KEYS */;
INSERT INTO `volunteer_hours` VALUES ('11475902204','383039112','2019-03-06',1,'WG-100-933',NULL,1);
INSERT INTO `volunteer_hours` VALUES ('11936937587','383039112','2018-07-20',1.75,'WG-108',NULL,1);
INSERT INTO `volunteer_hours` VALUES ('13435233307','383039112','2019-02-27',1,'WG-109',NULL,1);
INSERT INTO `volunteer_hours` VALUES ('14322344133','12849542116','2019-02-13',1,'WG-100',NULL,1);
INSERT INTO `volunteer_hours` VALUES ('14939263812','383039112','2019-04-23',1,'WG-100',NULL,1);
INSERT INTO `volunteer_hours` VALUES ('15964175119','383039112','2019-01-14',1,'WG-101-002',NULL,1);
INSERT INTO `volunteer_hours` VALUES ('17495677803','383039112','2019-03-09',1,'WG-101','For food collection (automated)',0);
INSERT INTO `volunteer_hours` VALUES ('17965968255','383039112','2018-07-20',1.75,'WG-100',NULL,1);
INSERT INTO `volunteer_hours` VALUES ('18893904740','383039112','2018-12-10',5,'WG-101-002',NULL,1);
INSERT INTO `volunteer_hours` VALUES ('19845750470','383039112','2019-04-23',1,'WG-100',NULL,1);
INSERT INTO `volunteer_hours` VALUES ('20342006428','383039112','2018-11-21',2,'WG-105',NULL,1);
INSERT INTO `volunteer_hours` VALUES ('21930578342','383039112','2018-11-21',2,'WG-105',NULL,1);
INSERT INTO `volunteer_hours` VALUES ('22290623632','383039112','2018-09-05',1.75,'WG-103',NULL,1);
INSERT INTO `volunteer_hours` VALUES ('24246816832','71443108429','2019-03-09',1,'WG-100','For food collection (automated)',1);
INSERT INTO `volunteer_hours` VALUES ('24563658364','383039112','2018-11-21',1.5,'WG-105',NULL,1);
INSERT INTO `volunteer_hours` VALUES ('24576532144','12849542116','2019-02-14',1,'WG-101',NULL,0);
INSERT INTO `volunteer_hours` VALUES ('24989846600','383039112','2018-07-20',2,'WG-108',NULL,1);
INSERT INTO `volunteer_hours` VALUES ('25471529467','383039112','2018-09-05',2.75,'WG-100',NULL,1);
INSERT INTO `volunteer_hours` VALUES ('25474023479','71443108429','2019-03-09',1,'WG-100','For food collection (automated)',1);
INSERT INTO `volunteer_hours` VALUES ('25539942843','383039112','2018-11-12',2,'WG-101-002',NULL,1);
INSERT INTO `volunteer_hours` VALUES ('26094037991','71443108429','2019-03-09',1,'WG-100','For food collection (automated)',1);
INSERT INTO `volunteer_hours` VALUES ('26569045421','383039112','2018-09-18',2.25,'WG-100',NULL,1);
INSERT INTO `volunteer_hours` VALUES ('27544395718','383039112','2018-11-14',5.75,'WG-100',NULL,1);
INSERT INTO `volunteer_hours` VALUES ('28604255074','383039112','2018-11-21',1.5,'WG-105',NULL,1);
INSERT INTO `volunteer_hours` VALUES ('29343849014','383039112','2018-12-07',1,'WG-108',NULL,1);
INSERT INTO `volunteer_hours` VALUES ('30432743510','25561861829','2019-02-28',1,'WG-100-933',NULL,1);
INSERT INTO `volunteer_hours` VALUES ('32181022471','71443108429','2019-03-09',1,'WG-100','For food collection (automated)',1);
INSERT INTO `volunteer_hours` VALUES ('34155351403','383039112','2018-07-20',1,'WG-101-002',NULL,1);
INSERT INTO `volunteer_hours` VALUES ('35052599001','383039112','2018-11-14',1,'WG-105',NULL,1);
INSERT INTO `volunteer_hours` VALUES ('35185192981','383039112','2019-04-01',1,'WG-101-255','For food collection (automated)',1);
INSERT INTO `volunteer_hours` VALUES ('35676578254','71443108429','2019-03-09',1,'WG-100','For food collection (automated)',1);
INSERT INTO `volunteer_hours` VALUES ('35978020604','35830015576','2019-04-23',5,'WG-108',NULL,1);
INSERT INTO `volunteer_hours` VALUES ('36901472541','383039112','2018-11-22',2.75,'WG-105',NULL,1);
INSERT INTO `volunteer_hours` VALUES ('37187335199','383039112','2019-03-06',1,'WG-100',NULL,0);
INSERT INTO `volunteer_hours` VALUES ('37687105395','383039112','2019-01-28',1,'WG-103',NULL,1);
INSERT INTO `volunteer_hours` VALUES ('39390287707','383039112','2019-03-25',1,'WG-101-255','For food collection (automated)',1);
INSERT INTO `volunteer_hours` VALUES ('39772356851','383039112','2018-12-07',1,'WG-108',NULL,1);
INSERT INTO `volunteer_hours` VALUES ('41708543914','12849542116','2019-02-14',5,'WG-105',NULL,1);
INSERT INTO `volunteer_hours` VALUES ('42476797558','383039112','2018-12-07',1.25,'WG-101-002',NULL,1);
INSERT INTO `volunteer_hours` VALUES ('43440268944','383039112','2019-02-11',1,'WG-103',NULL,1);
INSERT INTO `volunteer_hours` VALUES ('44731998910','383039112','2018-11-21',1.5,'WG-105',NULL,1);
INSERT INTO `volunteer_hours` VALUES ('46019098531','383039112','2018-12-08',5,'WG-101-002',NULL,0);
INSERT INTO `volunteer_hours` VALUES ('46182943839','383039112','2018-11-21',1.5,'WG-105',NULL,1);
INSERT INTO `volunteer_hours` VALUES ('49139690844','383039112','2018-11-21',1.5,'WG-105',NULL,1);
INSERT INTO `volunteer_hours` VALUES ('49213765624','71443108429','2019-03-09',1,'WG-100','For food collection (automated)',1);
INSERT INTO `volunteer_hours` VALUES ('49727156831','383039112','2018-12-07',2,'WG-101-002',NULL,1);
INSERT INTO `volunteer_hours` VALUES ('50373223263','383039112','2019-04-23',1,'WG-100',NULL,1);
INSERT INTO `volunteer_hours` VALUES ('51297288026','383039112','2018-09-04',14.75,'WG-100',NULL,0);
INSERT INTO `volunteer_hours` VALUES ('51554284731','296369278','2018-07-20',2,'WG-100',NULL,1);
INSERT INTO `volunteer_hours` VALUES ('52142722704','383039112','2019-02-14',1,'WG-101',NULL,1);
INSERT INTO `volunteer_hours` VALUES ('53444998197','383039112','2019-02-14',1,'WG-101',NULL,1);
INSERT INTO `volunteer_hours` VALUES ('53896813438','71443108429','2019-03-25',1,'WG-101-255','For food collection (automated)',1);
INSERT INTO `volunteer_hours` VALUES ('55469158707','12849542116','2019-02-14',0.25,'WG-100',NULL,1);
INSERT INTO `volunteer_hours` VALUES ('56465231834','383039112','2018-09-04',4,'WG-101-002',NULL,1);
INSERT INTO `volunteer_hours` VALUES ('58186099473','383039112','2018-12-07',1,'WG-100',NULL,1);
INSERT INTO `volunteer_hours` VALUES ('58788989616','383039112','2018-11-14',0.75,'WG-105',NULL,1);
INSERT INTO `volunteer_hours` VALUES ('59166485303','383039112','2018-07-20',0.75,'WG-100',NULL,1);
INSERT INTO `volunteer_hours` VALUES ('59440021091','383039112','2019-04-26',1.5,'WG-102','adadasdasd',NULL);
INSERT INTO `volunteer_hours` VALUES ('62053419955','383039112','2018-11-21',2,'WG-105',NULL,1);
INSERT INTO `volunteer_hours` VALUES ('62700916786','383039112','2019-04-23',1,'WG-101',NULL,1);
INSERT INTO `volunteer_hours` VALUES ('63499705740','383039112','2018-11-06',2.5,'WG-105',NULL,1);
INSERT INTO `volunteer_hours` VALUES ('63777626437','383039112','2019-04-23',1,'WG-100',NULL,1);
INSERT INTO `volunteer_hours` VALUES ('64285328926','383039112','2019-02-27',1,'WG-101-001',NULL,1);
INSERT INTO `volunteer_hours` VALUES ('64657842831','383039112','2019-01-18',1,'WG-101-002',NULL,0);
INSERT INTO `volunteer_hours` VALUES ('65273960795','383039112','2018-12-07',5,'WG-108',NULL,1);
INSERT INTO `volunteer_hours` VALUES ('65544001766','383039112','2018-09-18',2,'WG-100',NULL,1);
INSERT INTO `volunteer_hours` VALUES ('65622300305','71443108429','2019-03-11',1,'WG-101-255','For food collection (automated)',1);
INSERT INTO `volunteer_hours` VALUES ('66738881832','14971713977','2019-04-02',1,'WG-101-255','For food collection (automated)',1);
INSERT INTO `volunteer_hours` VALUES ('67211697175','383039112','2018-12-07',5,'WG-101-002',NULL,1);
INSERT INTO `volunteer_hours` VALUES ('67799173689','16695049487','2018-11-05',1.25,'WG-100',NULL,1);
INSERT INTO `volunteer_hours` VALUES ('68217956925','91366022011','2019-04-01',1,'WG-101-255','For food collection (automated)',1);
INSERT INTO `volunteer_hours` VALUES ('68750103323','71443108429','2019-03-09',1,'WG-100','For food collection (automated)',1);
INSERT INTO `volunteer_hours` VALUES ('68968981273','383039112','2018-09-18',24,'WG-101-002',NULL,1);
INSERT INTO `volunteer_hours` VALUES ('69307692860','383039112','2018-12-07',5,'WG-108',NULL,1);
INSERT INTO `volunteer_hours` VALUES ('69593359256','94352189283','2019-04-01',1,'WG-101-255','For food collection (automated)',1);
INSERT INTO `volunteer_hours` VALUES ('69603338974','14004524227','2019-04-01',1,'WG-101-255','For food collection (automated)',1);
INSERT INTO `volunteer_hours` VALUES ('70211533994','383039112','2018-12-11',5,'WG-101-002',NULL,1);
INSERT INTO `volunteer_hours` VALUES ('71126945005','12849542116','2019-02-19',2,'WG-100','Ate a bagguette',1);
INSERT INTO `volunteer_hours` VALUES ('71700661779','383039112','2018-12-07',1,'WG-101-002',NULL,1);
INSERT INTO `volunteer_hours` VALUES ('72219742413','29036707394','2019-01-18',1,'WG-105',NULL,1);
INSERT INTO `volunteer_hours` VALUES ('72243593555','383039112','2019-03-09',1,'WG-100','For food collection (automated)',1);
INSERT INTO `volunteer_hours` VALUES ('72901394970','383039112','2018-12-07',1,'WG-101-002',NULL,1);
INSERT INTO `volunteer_hours` VALUES ('74797337660','14971713977','2019-03-25',1,'WG-101-255','For food collection (automated)',1);
INSERT INTO `volunteer_hours` VALUES ('77477551463','383039112','2019-01-28',1,'WG-100',NULL,1);
INSERT INTO `volunteer_hours` VALUES ('78350062149','383039112','2018-07-20',1.75,'WG-100',NULL,1);
INSERT INTO `volunteer_hours` VALUES ('78545481305','383039112','2019-04-23',1,'WG-105',NULL,1);
INSERT INTO `volunteer_hours` VALUES ('80285726601','383039112','2019-02-14',5,'WG-100',NULL,1);
INSERT INTO `volunteer_hours` VALUES ('80606322299','383039112','2018-09-04',2.5,'WG-100',NULL,1);
INSERT INTO `volunteer_hours` VALUES ('80740960277','12849542116','2019-02-14',1000,'WG-100',NULL,1);
INSERT INTO `volunteer_hours` VALUES ('81249522542','383039112','2018-09-18',2.25,'WG-100',NULL,0);
INSERT INTO `volunteer_hours` VALUES ('81954057428','71443108429','2019-02-14',1,'WG-101',NULL,1);
INSERT INTO `volunteer_hours` VALUES ('86183725460','383039112','2018-11-21',2,'WG-105',NULL,1);
INSERT INTO `volunteer_hours` VALUES ('86241649517','383039112','2019-03-20',1,'WG-101-255','For food collection (automated)',1);
INSERT INTO `volunteer_hours` VALUES ('88493901793','383039112','2018-11-21',1.5,'WG-105',NULL,1);
INSERT INTO `volunteer_hours` VALUES ('88892313854','383039112','2018-07-19',1.25,'WG-101-002',NULL,1);
INSERT INTO `volunteer_hours` VALUES ('89656089176','383039112','2018-11-21',1.5,'WG-105',NULL,1);
INSERT INTO `volunteer_hours` VALUES ('89865171597','16695049487','2018-11-07',2.5,'WG-100',NULL,0);
INSERT INTO `volunteer_hours` VALUES ('91247962376','383039112','2018-11-21',2,'WG-105',NULL,1);
INSERT INTO `volunteer_hours` VALUES ('92390880877','383039112','2019-01-28',1,'WG-100',NULL,1);
INSERT INTO `volunteer_hours` VALUES ('92597664067','383039112','2019-04-23',1,'WG-100',NULL,1);
INSERT INTO `volunteer_hours` VALUES ('92943298376','383039112','2018-09-18',4,'WG-105',NULL,1);
INSERT INTO `volunteer_hours` VALUES ('94760670461','383039112','2018-07-20',1.25,'WG-100',NULL,1);
INSERT INTO `volunteer_hours` VALUES ('94954133838','383039112','2018-07-20',1.75,'WG-100',NULL,1);
INSERT INTO `volunteer_hours` VALUES ('95895875953','383039112','2019-03-01',0,'WG-109',NULL,1);
INSERT INTO `volunteer_hours` VALUES ('96543843119','71443108429','2019-02-14',1,'WG-105',NULL,1);
INSERT INTO `volunteer_hours` VALUES ('97299408518','383039112','2018-11-21',1.5,'WG-105',NULL,1);
INSERT INTO `volunteer_hours` VALUES ('97406727208','71443108429','2019-04-01',1,'WG-101-255','For food collection (automated)',1);
INSERT INTO `volunteer_hours` VALUES ('98401288948','12849542116','2019-04-23',1,'WG-107',NULL,0);
INSERT INTO `volunteer_hours` VALUES ('98697015599','383039112','2018-12-07',1,'WG-101-002',NULL,1);
/*!40000 ALTER TABLE `volunteer_hours` ENABLE KEYS */;
UNLOCK TABLES;

--
-- Table structure for table `volunteer_info`
--

DROP TABLE IF EXISTS `volunteer_info`;
/*!40101 SET @saved_cs_client     = @@character_set_client */;
/*!40101 SET character_set_client = utf8 */;
CREATE TABLE `volunteer_info` (
  `member_id` varchar(11) NOT NULL,
  `emergencyContactRelation` varchar(25) NOT NULL,
  `emergencyContactName` varchar(25) NOT NULL,
  `emergencyContactPhoneNo` varchar(15) NOT NULL,
  `roles` text NOT NULL,
  `assignedCoordinators` text NOT NULL,
  `survey` text NOT NULL,
  `availability` text NOT NULL,
  `gdpr` text NOT NULL,
  `dateCreated` timestamp NOT NULL DEFAULT CURRENT_TIMESTAMP,
  `lastUpdated` timestamp NOT NULL DEFAULT CURRENT_TIMESTAMP ON UPDATE CURRENT_TIMESTAMP,
  PRIMARY KEY (`member_id`)
) ENGINE=InnoDB DEFAULT CHARSET=utf8;
/*!40101 SET character_set_client = @saved_cs_client */;

--
-- Dumping data for table `volunteer_info`
--

LOCK TABLES `volunteer_info` WRITE;
/*!40000 ALTER TABLE `volunteer_info` DISABLE KEYS */;
INSERT INTO `volunteer_info` VALUES ('12849542116','asdas','asdasd','asdasdasdasd','[\"NVia2ACAGh\",\"YNmgnpKCJQ\"]','[\"01746918155\"]','{\"goals\":\"asdasdasd\",\"interests\":\"\",\"preferredCommMethods\":[\"Text message\",\"WhatsApp\"]}','{\"mon_m\":\"on\",\"tue_a\":\"on\",\"wed_e\":\"on\"}','{\"email\":\"on\",\"phone\":\"on\"}','2019-04-01 15:10:12','2019-04-01 15:10:12');
INSERT INTO `volunteer_info` VALUES ('14004524227','et','Ross Hudson','g','[\"QGJfmaaWY-\"]','[\"01746918155\"]','{\"goals\":\"dfgdfg\",\"interests\":\"\",\"skills\":[\"Administration/office work\"],\"preferredCommMethods\":[\"Phone call\",\"Text message\"]}','{\"mon_m\":\"on\"}','{\"email\":\"on\"}','2019-01-28 12:28:42','2019-04-01 22:56:50');
INSERT INTO `volunteer_info` VALUES ('14971713977','asdasdasd','Ross Hudson','sdasdasda','[\"8y9cjJTHYP\",\"Gek6bHnqt8\",\"cP70Q_BYoN\"]','[\"01746918155\",\"01746919992\"]','{\"goals\":\"Donec facilisis nisl neque, in elementum sem tempus at.\",\"interests\":\"asdasdasd\",\"preferredCommMethods\":[\"Text message\",\"WhatsApp\"]}','{\"mon_m\":\"on\"}','{\"email\":\"on\",\"phone\":\"on\"}','2019-01-28 12:33:23','2019-03-07 09:24:22');
INSERT INTO `volunteer_info` VALUES ('16456573405','asdas','dasd','asdasdasdasd','[\"JrzCZtQk6U\",\"FwEkCOOx9M\",\"zBTaVcpZ-M\"]','[\"01746918155\",\"01746919992\"]','{\"goals\":\"asdasdasdasd\",\"interests\":\"\",\"preferredCommMethods\":[\"Email\",\"Phone call\",\"Text message\"]}','{\"mon_m\":\"on\",\"tue_a\":\"on\",\"wed_e\":\"on\"}','{\"email\":\"on\",\"phone\":\"on\"}','2019-04-27 10:42:08','2019-04-27 10:42:08');
INSERT INTO `volunteer_info` VALUES ('18877294603','sdfsdf','Ross Hudson','sdfsdf','[]','[\"01746918155\"]','{\"goals\":\"sdfsdf\",\"interests\":\"sdfsdf\",\"skills\":[\"Befriending/Mentoring\"],\"preferredCommMethods\":[\"Text message\",\"Facebook Messenger\"]}','{\"mon_m\":\"on\"}','{\"email\":\"on\",\"phone\":\"on\"}','2019-01-28 12:26:25','2019-02-14 11:06:06');
INSERT INTO `volunteer_info` VALUES ('20806453336','a','a','a','[\"NVia2ACAGh\",\"YNmgnpKCJQ\"]','[\"01746918155\"]','{\"goals\":\"aa\",\"interests\":\"\",\"preferredCommMethods\":[\"Phone call\",\"Text message\"]}','{\"mon_m\":\"on\",\"tue_a\":\"on\",\"wed_e\":\"on\"}','{\"email\":\"on\"}','2019-04-01 14:10:23','2019-04-01 14:10:23');
INSERT INTO `volunteer_info` VALUES ('21166729709','Ross','Ross Hudson','1234','[]','[\"01746918155\",\"01746919992\"]','{\"goals\":\"No.\",\"interests\":\"\",\"preferredCommMethods\":[\"Email\",\"Facebook Messenger\"]}','{\"mon_e\":\"on\",\"tue_e\":\"on\",\"fri_a\":\"on\",\"fri_e\":\"on\",\"sat_a\":\"on\",\"sat_e\":\"on\"}','{\"email\":\"on\",\"phone\":\"on\"}','2019-01-15 14:13:32','2019-02-14 11:18:30');
INSERT INTO `volunteer_info` VALUES ('22090875739','Gran','Jesus','1234567890','[\"3cw6lXXkd0\",\"DXYp-lwkYJ\"]','[\"01746919992\"]','{\"goals\":\"sf\",\"interests\":\"\",\"preferredCommMethods\":[\"WhatsApp\",\"Facebook Messenger\"]}','{\"wed_m\":\"on\",\"thu_m\":\"on\",\"fri_m\":\"on\",\"sun_e\":\"on\"}','{\"email\":\"on\"}','2019-01-15 13:56:07','2019-02-19 13:30:56');
INSERT INTO `volunteer_info` VALUES ('22581214864','adasd','asdasd','asdasd','[\"7rY3A9YTKp\"]','[\"01746918155\"]','{\"goals\":\"asdasd\",\"interests\":\"\",\"skills\":[\"Health and social care\",\"Heritage\",\"Homeless and housing\"],\"preferredCommMethods\":[\"Phone call\",\"Text message\",\"WhatsApp\",\"Facebook Messenger\"]}','{\"mon_m\":\"on\"}','{\"email\":\"on\",\"phone\":\"on\"}','2019-02-14 11:16:03','2019-02-14 11:16:03');
INSERT INTO `volunteer_info` VALUES ('29036707394','Mother','Jean Hudson','+447745311065','[\"Gek6bHnqt8\",\"o3RO2qYdpo\"]','[\"01746918155\"]','{\"goals\":\"Donec facilisis nisl neque, in elementum sem tempus at.\",\"interests\":\"\",\"preferredCommMethods\":[\"Phone call\",\"Text message\"]}','{\"mon_m\":\"on\"}','{\"email\":\"on\"}','2018-10-17 17:42:45','2019-03-07 09:23:51');
INSERT INTO `volunteer_info` VALUES ('29519950061','asd','Ross Hudson','asd','[\"Kq3_RZJSfm\"]','[\"01746918155\"]','{\"goals\":\"asdasd\",\"interests\":\"\",\"skills\":[\"Homeless and housing\"],\"preferredCommMethods\":[\"Text message\",\"Facebook Messenger\"]}','{\"mon_m\":\"on\",\"tue_a\":\"on\",\"wed_e\":\"on\"}','{}','2019-02-28 09:31:00','2019-02-28 09:31:00');
INSERT INTO `volunteer_info` VALUES ('29729623482','dasd','Ross Hudson','asdasdasd','[]','[\"01746918155\"]','{\"goals\":\"asdasd\",\"interests\":\"\",\"skills\":[\"Animals\",\"Heritage\"],\"preferredCommMethods\":[\"Text message\",\"WhatsApp\"]}','{\"mon_m\":\"on\"}','{\"email\":\"on\",\"phone\":\"on\"}','2019-02-11 14:02:27','2019-02-14 09:46:55');
INSERT INTO `volunteer_info` VALUES ('35830015576','asdaad','Ross Hudson','asdasd','[\"zBTaVcpZ-M\",\"7NAtSGqZrB\"]','[\"01746919992\"]','{\"goals\":\"asdasdasd\",\"interests\":\"\",\"skills\":[\"Adults\",\"Advice/Information giving\"],\"preferredCommMethods\":[\"Phone call\",\"WhatsApp\"]}','{\"mon_m\":\"on\",\"tue_a\":\"on\",\"wed_e\":\"on\"}','{}','2019-02-28 09:28:16','2019-02-28 09:28:16');
INSERT INTO `volunteer_info` VALUES ('37635736393','asdasd','asdas','dasd','[]','[\"01746918155\"]','{\"goals\":\"asdasdasd\",\"interests\":\"\",\"skills\":[\"Events\",\"Adults\",\"Advice/Information giving\"],\"preferredCommMethods\":[\"Phone call\",\"Text message\"]}','{\"mon_a\":\"on\"}','{\"email\":\"on\",\"phone\":\"on\"}','2019-04-01 15:38:49','2019-04-01 15:38:49');
INSERT INTO `volunteer_info` VALUES ('383039112','Uncle','Bob','1234AS (USA)','[\"Gek6bHnqt8\"]','[\"01746918155\"]','{\"goals\":\"ewwerwerewr\",\"interests\":\"\",\"preferredCommMethods\":[\"Email\",\"Phone call\"]}','{\"mon_m\":\"on\"}','{\"email\":\"on\",\"phone\":\"on\"}','2018-10-17 17:23:06','2019-04-19 08:59:04');
INSERT INTO `volunteer_info` VALUES ('44352444131','ddfsdsfdfs','fdfddsf','sdfdsfds','[{\"wg_id\":\"WG-100\",\"wg_name\":\"Swapshop\",\"name\":\"dsfdsfds\"}]','','{\"goals\":\"sdfdsfsdf\",\"interests\":\"\",\"experience\":\"\",\"skills\":{},\"training\":\"\",\"preferredCommMethod\":{\"email\":\"on\"}}','{\"thu_a\":\"on\"}','','2018-11-14 13:47:48','2018-11-14 13:47:48');
INSERT INTO `volunteer_info` VALUES ('47161837226','asdasd','Ross Hudson','asdasdasd','[\"7rY3A9YTKp\",\"8y9cjJTHYP\"]','[\"01746918155\",\"01746919992\"]','{\"goals\":\"asdasdadsasd\",\"interests\":\"\",\"preferredCommMethods\":[\"WhatsApp\",\"Facebook Messenger\"]}','{\"mon_m\":\"on\",\"tue_a\":\"on\",\"wed_e\":\"on\"}','{\"email\":\"on\",\"phone\":\"on\"}','2019-04-24 07:47:44','2019-04-24 07:47:44');
INSERT INTO `volunteer_info` VALUES ('54632028113','asdasd','Ross Hudson','dasdasdas','[\"3cw6lXXkd0\"]','[\"01746918155\"]','{\"goals\":\"sadasdasdasd\",\"interests\":\"\",\"preferredCommMethods\":[\"Phone call\",\"Text message\"]}','{\"mon_m\":\"on\"}','{\"email\":\"on\",\"phone\":\"on\"}','2019-02-26 13:30:30','2019-02-26 13:30:30');
INSERT INTO `volunteer_info` VALUES ('55679931561','dasad','sdfsdf','sdfsdfsdf','[]','[\"01746918155\"]','{\"goals\":\"sdfsdfsdf\",\"interests\":\"\",\"preferredCommMethods\":[\"Email\",\"Phone call\",\"Text message\",\"WhatsApp\",\"Facebook Messenger\"]}','{\"mon_m\":\"on\",\"tue_a\":\"on\",\"wed_e\":\"on\"}','{\"phone\":\"on\"}','2019-01-30 10:47:30','2019-02-14 11:06:14');
INSERT INTO `volunteer_info` VALUES ('59514086149','asda','Ross Hudson','sdasdasda','[\"JrzCZtQk6U\",\"FwEkCOOx9M\"]','[\"01746918155\",\"01746919992\"]','{\"goals\":\"asdasdasd\",\"interests\":\"\",\"preferredCommMethods\":[\"Phone call\",\"Text message\"]}','{\"mon_m\":\"on\",\"tue_a\":\"on\",\"wed_e\":\"on\"}','{\"email\":\"on\",\"phone\":\"on\"}','2019-04-24 07:49:25','2019-04-24 07:49:25');
INSERT INTO `volunteer_info` VALUES ('60853501100','asdasd','Ross Hudson','asdasdsd','[]','[\"01746918155\"]','{\"goals\":\"asd\",\"interests\":\"\",\"skills\":[\"Families\",\"Health and social care\",\"Homeless and housing\",\"Befriending/Mentoring\"],\"preferredCommMethods\":[\"Text\",\"WhatsApp\"], \"note\": \"Will be on holiday for a while\"}','{\"mon_m\":\"on\",\"mon_a\":\"on\",\"mon_e\":\"on\"}','{\"email\":\"on\"}','2019-01-15 14:17:47','2019-02-14 11:18:37');
INSERT INTO `volunteer_info` VALUES ('61139437179','asdas','dasda','sdasdasdasd','[\"NVia2ACAGh\",\"YNmgnpKCJQ\"]','[\"01746918155\",\"01746919992\"]','{\"goals\":\"adasdasdasd\",\"interests\":\"\",\"preferredCommMethods\":[\"Text message\",\"WhatsApp\"]}','{\"mon_m\":\"on\"}','{\"email\":\"on\",\"phone\":\"on\"}','2019-04-01 23:09:22','2019-04-01 23:09:22');
INSERT INTO `volunteer_info` VALUES ('62420918053','Gran','Jesus Christ','12345','[null]','[\"01746919992\"]','{\"goals\":\"asddddddddddddddddd\",\"interests\":\"\",\"preferredCommMethods\":[\"WhatsApp\",\"Facebook Messenger\"]}','{\"mon_m\":\"on\",\"tue_a\":\"on\"}','{\"email\":\"on\",\"phone\":\"on\"}','2019-04-01 17:04:21','2019-04-01 17:04:21');
INSERT INTO `volunteer_info` VALUES ('68197998737','Mother','Jesus','1234','[null]','[\"01746919992\"]','{\"goals\":\"asasdasdasd\",\"interests\":\"\",\"skills\":[\"Families\",\"Advocacy/Human Rights\"],\"preferredCommMethods\":[\"Phone call\",\"WhatsApp\",\"Facebook Messenger\"]}','{\"mon_m\":\"on\",\"tue_a\":\"on\",\"wed_e\":\"on\"}','{\"email\":\"on\"}','2019-04-01 17:21:12','2019-04-01 17:21:12');
INSERT INTO `volunteer_info` VALUES ('68302782691','dads','asdasd','asdasdasd','[\"FwEkCOOx9M\",\"zBTaVcpZ-M\"]','[\"01746918155\",\"01746919992\"]','{\"goals\":\"asdasdasd\",\"interests\":\"\",\"skills\":[\"Art and culture: music, drama, crafts, galleries and museums\"],\"preferredCommMethods\":[\"Text message\",\"WhatsApp\"]}','{\"mon_m\":\"on\",\"tue_a\":\"on\",\"wed_e\":\"on\"}','{\"email\":\"on\",\"phone\":\"on\"}','2019-04-27 10:34:53','2019-04-27 10:34:53');
INSERT INTO `volunteer_info` VALUES ('69125667686','ad','asd','asdasd','[\"Kq3_RZJSfm\"]','[\"01746919992\"]','{\"goals\":\"asd\",\"interests\":\"\",\"preferredCommMethods\":[\"Phone call\",\"Text message\"]}','{\"mon_m\":\"on\"}','{\"email\":\"on\",\"phone\":\"on\"}','2019-02-19 12:03:35','2019-02-19 12:03:35');
INSERT INTO `volunteer_info` VALUES ('71443108429','f','f','f','[\"-TM0FGmxzu\"]','[\"01746918155\"]','{\"goals\":\"f\",\"interests\":\"\",\"preferredCommMethods\":[\"Email\",\"WhatsApp\",\"Facebook Messenger\"]}','{\"mon_m\":\"on\"}','{\"email\":\"on\",\"phone\":\"on\"}','2019-01-15 10:50:44','2019-02-19 10:07:06');
INSERT INTO `volunteer_info` VALUES ('80180013047','asd','asd','asd','[\"Kq3_RZJSfm\"]','[\"01746918155\"]','{\"goals\":\"asd\",\"interests\":\"\",\"skills\":[\"Adults\"],\"preferredCommMethods\":[\"Text message\",\"Facebook Messenger\"]}','{\"mon_m\":\"on\"}','{\"email\":\"on\"}','2019-02-19 13:44:02','2019-02-19 13:44:02');
INSERT INTO `volunteer_info` VALUES ('84270782783','Gran','Jesus Christ','12345','[]','[\"01746919992\"]','{\"goals\":\"asddddddddddddddddd\",\"interests\":\"\",\"preferredCommMethods\":[\"WhatsApp\",\"Facebook Messenger\"]}','{\"mon_m\":\"on\",\"tue_a\":\"on\"}','{\"email\":\"on\",\"phone\":\"on\"}','2019-04-01 17:05:12','2019-04-01 17:09:13');
INSERT INTO `volunteer_info` VALUES ('91366022011','asda','sdasda','sdasdasd','[]','[\"01746918155\"]','{\"goals\":\"asdasdasdasd\",\"interests\":\"\",\"skills\":[\"Events\",\"Adults\"],\"preferredCommMethods\":[\"Phone call\",\"Text message\"]}','{\"mon_m\":\"on\"}','{\"email\":\"on\",\"phone\":\"on\"}','2019-04-01 15:45:47','2019-04-01 15:45:47');
INSERT INTO `volunteer_info` VALUES ('92187273873','Uncle','Bob','+447745311065','[{\"wg_id\":\"WG-101\",\"wg_name\":\"Food Sharing\",\"name\":\"adasdasdad\"}]','','{\"goals\":\"dfsfd\",\"interests\":\"\",\"experience\":\"\",\"skills\":{},\"training\":\"\",\"preferredCommMethod\":{\"email\":\"on\"}}','{\"mon_m\":\"on\"}','','2018-11-14 13:46:20','2018-11-14 13:46:40');
INSERT INTO `volunteer_info` VALUES ('94352189283','Mother','Jean','1234','[\"-TM0FGmxzu\"]','[\"01746919992\"]','{\"goals\":\"yer maw\",\"interests\":\"\",\"skills\":[\"Adults\",\"Advice/Information giving\"],\"preferredCommMethods\":[\"Text message\",\"WhatsApp\"]}','{\"mon_m\":\"on\",\"tue_a\":\"on\",\"wed_e\":\"on\"}','{\"email\":\"on\",\"phone\":\"on\"}','2019-04-01 15:51:22','2019-04-01 15:54:58');
INSERT INTO `volunteer_info` VALUES ('94523566947','asd','sad','asdasd','[\"Kq3_RZJSfm\"]','[\"01746918155\"]','{\"goals\":\"asdasd\",\"interests\":\"\",\"skills\":[\"Befriending/Mentoring\",\"Kitchen/Catering\"],\"preferredCommMethods\":[\"Text message\",\"WhatsApp\"]}','{\"mon_m\":\"on\"}','{\"email\":\"on\",\"phone\":\"on\"}','2019-02-11 14:04:19','2019-02-14 09:53:28');
INSERT INTO `volunteer_info` VALUES ('96866985676','sdf','sdf','sdf','[\"Kq3_RZJSfm\",\"NVia2ACAGh\",\"YNmgnpKCJQ\"]','[\"01746918155\",\"01746919992\"]','{\"goals\":\"sdfsdfsdf\",\"interests\":\"\",\"skills\":[\"Advice/Information giving\",\"Advocacy/Human Rights\",\"Animals\"],\"preferredCommMethods\":[\"Text message\",\"WhatsApp\",\"Facebook Messenger\"]}','{\"mon_m\":\"on\",\"tue_a\":\"on\",\"wed_e\":\"on\"}','{}','2019-02-07 13:26:41','2019-02-07 13:34:20');
INSERT INTO `volunteer_info` VALUES ('99180639048','sdfsdf','Ross Hudson','sdfsdf','[]','[\"01746918155\",\"01746919992\"]','{\"goals\":\"sdfsdfsdf\",\"interests\":\"\",\"skills\":[\"Administration/office work\"],\"preferredCommMethods\":[\"Phone call\",\"Text message\"]}','{\"mon_m\":\"on\"}','{\"email\":\"on\",\"phone\":\"on\"}','2019-01-28 12:27:48','2019-02-14 11:18:45');
/*!40000 ALTER TABLE `volunteer_info` ENABLE KEYS */;
UNLOCK TABLES;

--
-- Table structure for table `volunteer_roles`
--

DROP TABLE IF EXISTS `volunteer_roles`;
/*!40101 SET @saved_cs_client     = @@character_set_client */;
/*!40101 SET character_set_client = utf8 */;
CREATE TABLE `volunteer_roles` (
  `role_id` varchar(20) NOT NULL,
  `group_id` varchar(12) DEFAULT NULL,
  `details` text NOT NULL,
  `availability` text,
  `dateCreated` datetime DEFAULT NULL,
  `public` tinyint(4) NOT NULL DEFAULT '0',
  `removed` tinyint(4) NOT NULL DEFAULT '0',
  PRIMARY KEY (`role_id`)
) ENGINE=InnoDB DEFAULT CHARSET=latin1;
/*!40101 SET character_set_client = @saved_cs_client */;

--
-- Dumping data for table `volunteer_roles`
--

LOCK TABLES `volunteer_roles` WRITE;
/*!40000 ALTER TABLE `volunteer_roles` DISABLE KEYS */;
INSERT INTO `volunteer_roles` VALUES ('-i5hL7rbKJ','WG-101-001','{\"title\":\"adsdasdasd\"}','{}','2019-02-05 23:01:11',0,0);
INSERT INTO `volunteer_roles` VALUES ('-TM0FGmxzu','WG-103','{\"title\":\"Cat\"}','{}','2019-02-11 14:02:06',0,0);
INSERT INTO `volunteer_roles` VALUES ('0u2zItB2nc','WG-109','{\"title\":\"Jesus\",\"short_description\":\"sl/fsfssf\",\"experience_required\":\"sdfsdfsdf\",\"experience_gained\":\"sdfsdfsdf\",\"hours_per_week\":\"2\",\"commitment_length\":\"Ongoing\",\"locations\":\"At home\",\"activities\":\"Administration/office work\"}','{\"mon_m\":\"on\",\"tue_a\":\"on\",\"wed_e\":\"on\"}','2019-02-05 00:00:00',0,0);
INSERT INTO `volunteer_roles` VALUES ('3cw6lXXkd0','WG-100','{\"title\":\"Retail Assistant\"}','{}','2019-02-05 00:00:00',0,0);
INSERT INTO `volunteer_roles` VALUES ('3R1oJTk4KO','WG-101-001','{\"title\":\"corn baby\"}','{}','2019-02-05 00:00:00',0,0);
INSERT INTO `volunteer_roles` VALUES ('7NAtSGqZrB','WG-100','{\"title\":\"ssdfsdfsdf\"}','{}','2019-02-05 00:00:00',0,1);
INSERT INTO `volunteer_roles` VALUES ('7rY3A9YTKp','WG-100','{\"title\":\"DJ\"}','{}','2019-02-05 00:00:00',0,0);
INSERT INTO `volunteer_roles` VALUES ('8y9cjJTHYP','WG-100','{\"title\":\"Potato Eater\"}',NULL,'2019-02-05 00:00:00',0,0);
INSERT INTO `volunteer_roles` VALUES ('9AMB4ixh5f','WG-100','{\"title\":\"ssdfsdfsdf\"}','{}','2019-02-05 00:00:00',0,0);
INSERT INTO `volunteer_roles` VALUES ('coV1ehXE_G','WG-100','{\"title\":\"asd\"}','{}','2019-02-05 00:00:00',0,0);
INSERT INTO `volunteer_roles` VALUES ('cP70Q_BYoN','WG-101','{\"title\":\"Test\",\"short_description\":\"sdfsdf\",\"experience_required\":\"sdfsdf\",\"experience_gained\":\"sdfsdfs\",\"hours_per_week\":\"2\",\"commitment_length\":\"Ongoing\",\"locations\":[\"At home\",\"22 Bread Street\",\"13 Guthrie Street\"],\"activities\":[\"Finance/Accounting\",\"Advocacy/Human Rights\",\"Befriending/Mentoring\",\"Languages/translating\"]}','{\"mon_m\":\"on\"}','2019-02-07 13:24:15',0,0);
INSERT INTO `volunteer_roles` VALUES ('DXYp-lwkYJ','WG-102','{\"title\":\"Data\",\"short_description\":\"jddjcndc\",\"experience_required\":\"sjndjdncjdc\",\"experience_gained\":\"djncjdncjd\",\"hours_per_week\":\"1.5\",\"commitment_length\":\"Fixed term\",\"locations\":[\"At home\",\"22 Bread Street\"],\"activities\":\"Administration/office work\"}','{\"mon_m\":\"on\",\"mon_a\":\"on\",\"mon_e\":\"on\"}','2019-02-05 00:00:00',1,0);
INSERT INTO `volunteer_roles` VALUES ('EBnZsl0Nca','WG-110','{\"title\":\"bbbbbbbibibib\"}','{}','2019-02-05 00:00:00',0,0);
INSERT INTO `volunteer_roles` VALUES ('FwEkCOOx9M','WG-100','{\"title\":\"Farmer 2, electric boogaloo\",\"short_description\":\"Nothing exciting\",\"experience_required\":\"adasdasd\",\"experience_gained\":\"asdasdasdasdasdaaaaaaaaaaaaaaaaaaa\",\"hours_per_week\":\"1\",\"commitment_length\":\"Fixed term\",\"locations\":\"At home\",\"activities\":\"Adults\"}','{\"mon_m\":\"on\",\"mon_a\":\"on\",\"mon_e\":\"on\"}','2019-02-28 16:15:32',1,0);
INSERT INTO `volunteer_roles` VALUES ('G3dMSJTzWw','WG-107','{\"title\":\"g\",\"short_description\":\"fhf\",\"experience_required\":\"h\",\"experience_gained\":\"ffgh\",\"hours_per_week\":\"2\",\"commitment_length\":\"Ongoing\",\"locations\":[\"13 Guthrie Street\",\"Out and about in Edinburgh\"],\"activities\":[\"Care/Support work\",\"Mental health\"],\"created_on\":\"2019-02-05\"}','{\"mon_m\":\"on\",\"thu_e\":\"on\",\"fri_e\":\"on\",\"sat_e\":\"on\",\"sun_m\":\"on\"}','2019-02-05 00:00:00',0,0);
INSERT INTO `volunteer_roles` VALUES ('Gek6bHnqt8','WG-100','{\"role_id\":\"Gek6bHnqt8\",\"title\":\"Shop Assistant\",\"short_description\":\"Work in our swapshop\",\"experience_required\":\"None.\",\"experience_gained\":\"Learn how to do shop things.\",\"hours_per_week\":\"3\",\"commitment_length\":\"One off\",\"locations\":[\"At home\",\"22 Bread Street\",\"17 Guthrie Street\",\"13 Guthrie Street\",\"Out and about in Edinburgh\"],\"activities\":[\"Administration/office work\",\"Events\"]}','{\"mon_m\":\"on\"}','2019-02-05 00:00:00',0,0);
INSERT INTO `volunteer_roles` VALUES ('H_iXdW4LeB','WG-101','{\"title\":\"adsdf\"}','{}','2019-02-05 00:00:00',0,0);
INSERT INTO `volunteer_roles` VALUES ('JrzCZtQk6U','WG-100','{\"role_id\":\"JrzCZtQk6U\",\"title\":\"Farmer 3, electric boogalee\",\"short_description\":\"Nothing exciting\",\"experience_required\":\"adasdasd\",\"experience_gained\":\"asdasdasdasdasdaaaaaaaaaaaaaaaaaaa\",\"hours_per_week\":\"1\",\"commitment_length\":\"Fixed term\",\"locations\":[\"At home\",\"22 Bread Street\"],\"activities\":[\"Finance/Accounting\",\"Heritage\"]}','{\"mon_m\":\"on\",\"mon_a\":\"on\",\"mon_e\":\"on\"}','2019-02-28 16:20:04',1,0);
INSERT INTO `volunteer_roles` VALUES ('Kq3_RZJSfm','na','{\"title\":\"test\"}','{}','2019-02-05 00:00:00',0,0);
INSERT INTO `volunteer_roles` VALUES ('kvh_-R5F9Q','WG-105','{\"title\":\"BIKE MAN\",\"short_description\":\"MIKE BAN\",\"experience_required\":\"bike s\",\"experience_gained\":\"more bikes\",\"hours_per_week\":\"2\",\"commitment_length\":\"Fixed term\",\"locations\":\"13 Guthrie Street\",\"activities\":\"Practical/DIY\"}','{\"mon_m\":\"on\",\"mon_a\":\"on\",\"mon_e\":\"on\"}','2019-02-05 00:00:00',0,0);
INSERT INTO `volunteer_roles` VALUES ('NkIDf4tIzy','WG-103','{\"title\":\"Test\",\"short_description\":\"asdasdasd\",\"experience_required\":\"asdasda\",\"experience_gained\":\"sdasdasdasd\",\"hours_per_week\":\"2.5\",\"commitment_length\":\"One off\",\"locations\":\"22 Bread Street\",\"activities\":[\"Animals\",\"Homeless and housing\"]}','{\"mon_m\":\"on\"}','2019-02-28 09:22:52',0,1);
INSERT INTO `volunteer_roles` VALUES ('NVia2ACAGh','na','{\"title\":\"asdasdasdasdasdasdasd\"}','{}','2019-02-05 00:00:00',0,0);
INSERT INTO `volunteer_roles` VALUES ('o3RO2qYdpo','WG-100','{\"title\":\"Potato Peeler\",\"short_description\":\"Peel potatoes\",\"experience_required\":\"Peeling of other vegetables\",\"experience_gained\":\"Learn to peel potatoes\",\"hours_per_week\":\"15\",\"commitment_length\":\"Ongoing\",\"locations\":[\"At home\",\"22 Bread Street\"],\"activities\":\"Administration/office work\"}',NULL,'2019-02-05 00:00:00',0,0);
INSERT INTO `volunteer_roles` VALUES ('oNs3fUhuzt','WG-100','{\"title\":\"Macca\"}','{}','2019-02-05 00:00:00',0,0);
INSERT INTO `volunteer_roles` VALUES ('pCO1IEd0Eo','na','{\"title\":\"General\"}','{}','2019-02-05 00:00:00',0,0);
INSERT INTO `volunteer_roles` VALUES ('PXu2qlamEh','WG-105','{\"title\":\"adadsads\"}','{}','2019-04-24 09:08:15',0,0);
INSERT INTO `volunteer_roles` VALUES ('q3ARv0k5ij','WG-100','{\"title\":\"ssdfsdfsdf\"}','{}','2019-02-05 00:00:00',0,0);
INSERT INTO `volunteer_roles` VALUES ('QGJfmaaWY-','WG-101-001','{\"title\":\"Cat Petter\",\"short_description\":\"Pet cats\",\"experience_required\":\"None\",\"experience_gained\":\"Petting cats\",\"hours_per_week\":\"2.5\",\"commitment_length\":\"Ongoing\",\"locations\":\"At home\",\"activities\":[\"Administration/office work\",\"Events\"]}','{\"mon_m\":\"on\",\"tue_a\":\"on\",\"wed_e\":\"on\"}','2019-02-05 00:00:00',0,0);
INSERT INTO `volunteer_roles` VALUES ('RH9ZrwAO38','WG-107','{\"title\":\"MMMM\"}','{}','2019-02-05 00:00:00',0,0);
INSERT INTO `volunteer_roles` VALUES ('rVuweBagRe','WG-100','{\"title\":\"asd\"}','{}','2019-02-05 00:00:00',0,0);
INSERT INTO `volunteer_roles` VALUES ('SjplwgZS-L','WG-106','{\"title\":\"asdasd\",\"short_description\":\"asdasd\",\"experience_required\":\"asdasdasd\",\"experience_gained\":\"asdasdasdasdasd\",\"hours_per_week\":\"2.5\",\"commitment_length\":\"Ongoing\",\"locations\":[\"22 Bread Street\",\"17 Guthrie Street\"],\"activities\":[\"Health and social care\",\"Heritage\",\"Befriending/Mentoring\"]}','{\"thu_m\":\"on\"}','2019-04-19 12:58:14',0,0);
INSERT INTO `volunteer_roles` VALUES ('UlmDyHN5NV','WG-101','{\"title\":\"sdfsdfsdfsdfsfd\"}','{}','2019-02-05 00:00:00',0,0);
INSERT INTO `volunteer_roles` VALUES ('YNmgnpKCJQ','na','{\"title\":\"asd\"}','{}','2019-02-05 00:00:00',0,0);
INSERT INTO `volunteer_roles` VALUES ('zBTaVcpZ-M','WG-100','{\"role_id\":\"zBTaVcpZ-M\",\"title\":\"Farmer\",\"short_description\":\"Nothing exciting\",\"experience_required\":\"adasdasd\",\"experience_gained\":\"asdasdasdasdasdaaaaaaaaaaaaaaaaaaa\",\"hours_per_week\":\"1\",\"commitment_length\":\"Fixed term\",\"locations\":\"At home\",\"activities\":\"Adults\"}','{\"mon_m\":\"on\"}','2019-02-25 14:51:32',1,0);
/*!40000 ALTER TABLE `volunteer_roles` ENABLE KEYS */;
UNLOCK TABLES;

--
-- Table structure for table `working_group_requests`
--

DROP TABLE IF EXISTS `working_group_requests`;
/*!40101 SET @saved_cs_client     = @@character_set_client */;
/*!40101 SET character_set_client = utf8 */;
CREATE TABLE `working_group_requests` (
  `request_id` varchar(11) NOT NULL,
  `member_id` varchar(11) NOT NULL,
  `working_group` varchar(6) NOT NULL,
  `verified` tinyint(1) DEFAULT NULL,
  `time_requested` timestamp NOT NULL DEFAULT CURRENT_TIMESTAMP,
  PRIMARY KEY (`request_id`)
) ENGINE=InnoDB DEFAULT CHARSET=utf8;
/*!40101 SET character_set_client = @saved_cs_client */;

--
-- Dumping data for table `working_group_requests`
--

LOCK TABLES `working_group_requests` WRITE;
/*!40000 ALTER TABLE `working_group_requests` DISABLE KEYS */;
INSERT INTO `working_group_requests` VALUES ('1','778655738','WG-105',NULL,'2018-03-31 13:26:46');
INSERT INTO `working_group_requests` VALUES ('10','1112905967','WG-103',1,'2018-04-12 15:03:23');
INSERT INTO `working_group_requests` VALUES ('10115779602','92187273873','WG-101',1,'2018-11-14 14:37:29');
INSERT INTO `working_group_requests` VALUES ('12','383039112','WG-108',1,'2018-05-01 18:45:08');
INSERT INTO `working_group_requests` VALUES ('13736672222','92187273873','WG-101',1,'2018-11-14 14:34:26');
INSERT INTO `working_group_requests` VALUES ('14409924499','16695049487','WG-100',1,'2018-07-20 19:00:40');
INSERT INTO `working_group_requests` VALUES ('2','383039112','WG-101',0,'2018-04-10 18:05:26');
INSERT INTO `working_group_requests` VALUES ('21415691963','92187273873','WG-103',1,'2018-11-14 14:25:47');
INSERT INTO `working_group_requests` VALUES ('2147483647','383039112','WG-103',1,'2018-07-15 13:50:44');
INSERT INTO `working_group_requests` VALUES ('21690181968','44352444131','WG-101',1,'2018-11-14 13:51:12');
INSERT INTO `working_group_requests` VALUES ('28329616992','92187273873','WG-101',1,'2018-11-14 14:29:09');
INSERT INTO `working_group_requests` VALUES ('3','383039112','WG-101',0,'2018-04-10 18:57:40');
INSERT INTO `working_group_requests` VALUES ('34374833289','12849542116','WG-100',1,'2018-11-14 15:05:37');
INSERT INTO `working_group_requests` VALUES ('34416393505','383039112','WG-101',1,'2018-11-12 20:09:22');
INSERT INTO `working_group_requests` VALUES ('36922199648','383039112','WG-101',1,'2018-11-12 20:15:04');
INSERT INTO `working_group_requests` VALUES ('37261767747','16695049487','WG-101',1,'2018-11-12 20:15:10');
INSERT INTO `working_group_requests` VALUES ('4','383039112','WG-103',0,'2018-04-10 18:57:40');
INSERT INTO `working_group_requests` VALUES ('49314670013','92187273873','WG-101',1,'2018-11-14 14:30:35');
INSERT INTO `working_group_requests` VALUES ('5','808188781','WG-101',NULL,'2018-04-11 14:42:53');
INSERT INTO `working_group_requests` VALUES ('55835773057','92187273873','WG-101',1,'2018-11-14 14:25:44');
INSERT INTO `working_group_requests` VALUES ('56639972193','48407476768','WG-100',1,'2018-07-16 19:27:48');
INSERT INTO `working_group_requests` VALUES ('6','12215950107','WG-105',NULL,'2018-04-11 14:46:10');
INSERT INTO `working_group_requests` VALUES ('66444613991','97992178113','WG-101',1,'2018-07-20 18:59:15');
INSERT INTO `working_group_requests` VALUES ('7','710202894','WG-101',NULL,'2018-04-11 15:06:02');
INSERT INTO `working_group_requests` VALUES ('71997771997','92187273873','WG-101',1,'2018-11-12 20:09:41');
INSERT INTO `working_group_requests` VALUES ('72247876263','48407476768','WG-102',1,'2018-07-16 19:27:48');
INSERT INTO `working_group_requests` VALUES ('72658296960','44352444131','WG-103',1,'2018-11-14 13:57:54');
INSERT INTO `working_group_requests` VALUES ('72944288684','12849542116','WG-101',1,'2018-11-12 20:15:12');
INSERT INTO `working_group_requests` VALUES ('77261799995','383039112','WG-101',1,'2018-07-15 13:58:48');
INSERT INTO `working_group_requests` VALUES ('8','1183955938','WG-102',NULL,'2018-04-11 15:44:34');
INSERT INTO `working_group_requests` VALUES ('84801118092','92187273873','WG-100',1,'2018-11-13 16:44:31');
INSERT INTO `working_group_requests` VALUES ('88437297642','383039112','WG-100',1,'2018-11-05 21:42:51');
INSERT INTO `working_group_requests` VALUES ('9','832193654','WG-102',NULL,'2018-04-11 15:45:30');
INSERT INTO `working_group_requests` VALUES ('93690150749','383039112','WG-101',1,'2018-11-12 20:04:42');
INSERT INTO `working_group_requests` VALUES ('99533819196','383039112','WG-100',1,'2018-11-05 21:42:54');
/*!40000 ALTER TABLE `working_group_requests` ENABLE KEYS */;
UNLOCK TABLES;

--
-- Table structure for table `working_groups`
--

DROP TABLE IF EXISTS `working_groups`;
/*!40101 SET @saved_cs_client     = @@character_set_client */;
/*!40101 SET character_set_client = utf8 */;
CREATE TABLE `working_groups` (
  `group_id` varchar(12) NOT NULL,
  `prefix` varchar(10) DEFAULT NULL,
  `name` varchar(50) NOT NULL,
  `welcomeMessage` text,
  `parent` varchar(12) DEFAULT NULL,
  PRIMARY KEY (`group_id`)
) ENGINE=InnoDB DEFAULT CHARSET=latin1;
/*!40101 SET character_set_client = @saved_cs_client */;

--
-- Dumping data for table `working_groups`
--

LOCK TABLES `working_groups` WRITE;
/*!40000 ALTER TABLE `working_groups` DISABLE KEYS */;
INSERT INTO `working_groups` VALUES ('WG-100','the','Swap Shop',NULL,NULL);
INSERT INTO `working_groups` VALUES ('WG-100-933',NULL,'Cafe',NULL,'WG-100');
INSERT INTO `working_groups` VALUES ('WG-101',NULL,'Food Sharing',NULL,NULL);
INSERT INTO `working_groups` VALUES ('WG-101-001',NULL,'Events Volunteers',NULL,'WG-101');
INSERT INTO `working_groups` VALUES ('WG-101-002',NULL,'Research Volunteers',NULL,'WG-101');
INSERT INTO `working_groups` VALUES ('WG-101-255','','Food Collections',NULL,'WG-101');
INSERT INTO `working_groups` VALUES ('WG-102',NULL,'Finance & Admin',NULL,NULL);
INSERT INTO `working_groups` VALUES ('WG-103',NULL,'Welfare',NULL,NULL);
INSERT INTO `working_groups` VALUES ('WG-104',NULL,'Zero Waste Advocate Network',NULL,NULL);
INSERT INTO `working_groups` VALUES ('WG-105','the','Wee Spoke Hub',NULL,NULL);
INSERT INTO `working_groups` VALUES ('WG-105-520','The','People Of The Bike',NULL,'WG-105');
INSERT INTO `working_groups` VALUES ('WG-106',NULL,'Workshops',NULL,NULL);
INSERT INTO `working_groups` VALUES ('WG-106-863',NULL,'Events',NULL,NULL);
INSERT INTO `working_groups` VALUES ('WG-107',NULL,'Governance & Policy',NULL,NULL);
INSERT INTO `working_groups` VALUES ('WG-108',NULL,'Communications & Outreach',NULL,NULL);
INSERT INTO `working_groups` VALUES ('WG-109',NULL,'Adhoc Project Coordinators',NULL,NULL);
INSERT INTO `working_groups` VALUES ('WG-110',NULL,'Community Projects',NULL,NULL);
INSERT INTO `working_groups` VALUES ('WG-465','','Events',NULL,NULL);
INSERT INTO `working_groups` VALUES ('WG-605','the','Potatoes','<p>A message</p>','WG-101');
/*!40000 ALTER TABLE `working_groups` ENABLE KEYS */;
UNLOCK TABLES;
/*!40103 SET TIME_ZONE=@OLD_TIME_ZONE */;

/*!40101 SET SQL_MODE=@OLD_SQL_MODE */;
/*!40014 SET FOREIGN_KEY_CHECKS=@OLD_FOREIGN_KEY_CHECKS */;
/*!40014 SET UNIQUE_CHECKS=@OLD_UNIQUE_CHECKS */;
/*!40101 SET CHARACTER_SET_CLIENT=@OLD_CHARACTER_SET_CLIENT */;
/*!40101 SET CHARACTER_SET_RESULTS=@OLD_CHARACTER_SET_RESULTS */;
/*!40101 SET COLLATION_CONNECTION=@OLD_COLLATION_CONNECTION */;
/*!40111 SET SQL_NOTES=@OLD_SQL_NOTES */;

-- Dump completed on 2019-04-29 14:26:04
